file,band_lo_hz,band_hi_hz,band_label,band_tag,rt60_s,r2,method,quality,capped,mode
air_booth_0_0_1.wav,125.0,250.0,,125–250,0.1275458484017809,0.9281300056343964,REG,OK,False,ML Test · Phone-safe
air_booth_0_0_1.wav,250.0,500.0,,250–500,0.09233472723032139,0.951886253444017,REG,OK,False,ML Test · Phone-safe
air_booth_0_0_1.wav,500.0,2000.0,,500–2k,0.11842935437369315,0.9442803850330135,REG,OK,False,ML Test · Phone-safe
air_booth_0_0_1.wav,2000.0,4000.0,,2k–4k,0.14526094023203218,0.9905448130282593,REG,OK,False,ML Test · Phone-safe
air_booth_0_0_1.wav,4000.0,8000.0,,4k–8k,0.11941141180953886,0.9819188188116172,REG,OK,False,ML Test · Phone-safe
air_booth_0_0_2.wav,125.0,250.0,,125–250,0.14929357742783783,0.9810452279325714,REG,OK,False,ML Test · Phone-safe
air_booth_0_0_2.wav,250.0,500.0,,250–500,0.06542819647280576,0.947066774930005,REG,OK,False,ML Test · Phone-safe
air_booth_0_0_2.wav,500.0,2000.0,,500–2k,0.12630230752022695,0.9900287451919411,REG,OK,False,ML Test · Phone-safe
air_booth_0_0_2.wav,2000.0,4000.0,,2k–4k,0.14452979064787547,0.9954575246083951,REG,OK,False,ML Test · Phone-safe
air_booth_0_0_2.wav,4000.0,8000.0,,4k–8k,0.13535654108160822,0.9922385317498991,REG,OK,False,ML Test · Phone-safe
air_booth_0_0_3.wav,125.0,250.0,,125–250,0.13620065628899933,0.9754604082945064,REG,OK,False,ML Test · Phone-safe
air_booth_0_0_3.wav,250.0,500.0,,250–500,0.07803837861374877,0.9683821542672985,REG,OK,False,ML Test · Phone-safe
air_booth_0_0_3.wav,500.0,2000.0,,500–2k,0.12642158841604803,0.9942821604983585,REG,OK,False,ML Test · Phone-safe
air_booth_0_0_3.wav,2000.0,4000.0,,2k–4k,0.1506691388179866,0.9921785656652211,REG,OK,False,ML Test · Phone-safe
air_booth_0_0_3.wav,4000.0,8000.0,,4k–8k,0.14179156323054753,0.9946549041622821,REG,OK,False,ML Test · Phone-safe
air_booth_0_1_1.wav,125.0,250.0,,125–250,0.13012461194709501,0.9559928254763859,REG,OK,False,ML Test · Phone-safe
air_booth_0_1_1.wav,250.0,500.0,,250–500,0.08455729851834223,0.9262144415370833,REG,OK,False,ML Test · Phone-safe
air_booth_0_1_1.wav,500.0,2000.0,,500–2k,0.11326332197012032,0.970323304823875,REG,OK,False,ML Test · Phone-safe
air_booth_0_1_1.wav,2000.0,4000.0,,2k–4k,0.1360157773266465,0.991237687244571,REG,OK,False,ML Test · Phone-safe
air_booth_0_1_1.wav,4000.0,8000.0,,4k–8k,0.11624628598818162,0.9909676123946582,REG,OK,False,ML Test · Phone-safe
air_booth_0_1_2.wav,125.0,250.0,,125–250,0.14216302583126342,0.9819337560615554,REG,OK,False,ML Test · Phone-safe
air_booth_0_1_2.wav,250.0,500.0,,250–500,0.07483564881185326,0.9497061011063416,REG,OK,False,ML Test · Phone-safe
air_booth_0_1_2.wav,500.0,2000.0,,500–2k,0.10606635098150179,0.9965392146857182,REG,OK,False,ML Test · Phone-safe
air_booth_0_1_2.wav,2000.0,4000.0,,2k–4k,0.13268254862437398,0.993412752746331,REG,OK,False,ML Test · Phone-safe
air_booth_0_1_2.wav,4000.0,8000.0,,4k–8k,0.13269443499310773,0.9881259096000646,REG,OK,False,ML Test · Phone-safe
air_booth_0_1_3.wav,125.0,250.0,,125–250,0.14207981447514115,0.9720928134505958,REG,OK,False,ML Test · Phone-safe
air_booth_0_1_3.wav,250.0,500.0,,250–500,0.08008096283413631,0.9760715448036076,REG,OK,False,ML Test · Phone-safe
air_booth_0_1_3.wav,500.0,2000.0,,500–2k,0.1110186591257041,0.9935340874517581,REG,OK,False,ML Test · Phone-safe
air_booth_0_1_3.wav,2000.0,4000.0,,2k–4k,0.14437441393379347,0.9941477551099142,REG,OK,False,ML Test · Phone-safe
air_booth_0_1_3.wav,4000.0,8000.0,,4k–8k,0.1303301595271936,0.9941539590635733,REG,OK,False,ML Test · Phone-safe
air_booth_1_0_1.wav,125.0,250.0,,125–250,0.12602476345958888,0.9381413440391139,REG,OK,False,ML Test · Phone-safe
air_booth_1_0_1.wav,250.0,500.0,,250–500,0.0855247954213412,0.9600766923935306,REG,OK,False,ML Test · Phone-safe
air_booth_1_0_1.wav,500.0,2000.0,,500–2k,0.12072021116157151,0.98326823144514,REG,OK,False,ML Test · Phone-safe
air_booth_1_0_1.wav,2000.0,4000.0,,2k–4k,0.1441748228631534,0.9745077692844601,REG,OK,False,ML Test · Phone-safe
air_booth_1_0_1.wav,4000.0,8000.0,,4k–8k,0.11826226147937977,0.981640418670139,REG,OK,False,ML Test · Phone-safe
air_booth_1_0_2.wav,125.0,250.0,,125–250,0.14920173027569528,0.980659607274356,REG,OK,False,ML Test · Phone-safe
air_booth_1_0_2.wav,250.0,500.0,,250–500,0.06188252255644922,0.9398853391513082,REG,OK,False,ML Test · Phone-safe
air_booth_1_0_2.wav,500.0,2000.0,,500–2k,0.13035875173444075,0.9935418670431307,REG,OK,False,ML Test · Phone-safe
air_booth_1_0_2.wav,2000.0,4000.0,,2k–4k,0.13896548911386866,0.9940638353660778,REG,OK,False,ML Test · Phone-safe
air_booth_1_0_2.wav,4000.0,8000.0,,4k–8k,0.13255993629164384,0.9921285236947607,REG,OK,False,ML Test · Phone-safe
air_booth_1_0_3.wav,125.0,250.0,,125–250,0.13999073979198143,0.9727314863970135,REG,OK,False,ML Test · Phone-safe
air_booth_1_0_3.wav,250.0,500.0,,250–500,0.07547969637551208,0.973680835152803,REG,OK,False,ML Test · Phone-safe
air_booth_1_0_3.wav,500.0,2000.0,,500–2k,0.12306014835712353,0.9944591027545856,REG,OK,False,ML Test · Phone-safe
air_booth_1_0_3.wav,2000.0,4000.0,,2k–4k,0.14811479131686076,0.9977648175971289,REG,OK,False,ML Test · Phone-safe
air_booth_1_0_3.wav,4000.0,8000.0,,4k–8k,0.13844941962250856,0.9936426939715414,REG,OK,False,ML Test · Phone-safe
air_booth_1_1_1.wav,125.0,250.0,,125–250,0.12734230470748897,0.9656706931903557,REG,OK,False,ML Test · Phone-safe
air_booth_1_1_1.wav,250.0,500.0,,250–500,0.08110134888474126,0.9025698564694523,REG,OK,False,ML Test · Phone-safe
air_booth_1_1_1.wav,500.0,2000.0,,500–2k,0.11293827133380735,0.9722733699799945,REG,OK,False,ML Test · Phone-safe
air_booth_1_1_1.wav,2000.0,4000.0,,2k–4k,0.13438417552689022,0.9701309754413282,REG,OK,False,ML Test · Phone-safe
air_booth_1_1_1.wav,4000.0,8000.0,,4k–8k,0.11500839537748735,0.9826783041295323,REG,OK,False,ML Test · Phone-safe
air_booth_1_1_2.wav,125.0,250.0,,125–250,0.14065967880877314,0.9735653137891712,REG,OK,False,ML Test · Phone-safe
air_booth_1_1_2.wav,250.0,500.0,,250–500,0.06116859208939671,0.897379991773715,REG,CHECK,False,ML Test · Phone-safe
air_booth_1_1_2.wav,500.0,2000.0,,500–2k,0.10937575971865746,0.995596001303843,REG,OK,False,ML Test · Phone-safe
air_booth_1_1_2.wav,2000.0,4000.0,,2k–4k,0.13153894896664556,0.9900574075892768,REG,OK,False,ML Test · Phone-safe
air_booth_1_1_2.wav,4000.0,8000.0,,4k–8k,0.13053708665898334,0.9822475508223877,REG,OK,False,ML Test · Phone-safe
air_booth_1_1_3.wav,125.0,250.0,,125–250,0.14731204334330603,0.9694897338880312,REG,OK,False,ML Test · Phone-safe
air_booth_1_1_3.wav,250.0,500.0,,250–500,0.07516996824398575,0.9741116779297506,REG,OK,False,ML Test · Phone-safe
air_booth_1_1_3.wav,500.0,2000.0,,500–2k,0.11007303585049827,0.9876577083761218,REG,OK,False,ML Test · Phone-safe
air_booth_1_1_3.wav,2000.0,4000.0,,2k–4k,0.13686437769894158,0.9938307652659387,REG,OK,False,ML Test · Phone-safe
air_booth_1_1_3.wav,4000.0,8000.0,,4k–8k,0.12680051032431428,0.9910412708765942,REG,OK,False,ML Test · Phone-safe
air_lecture_0_0_1.wav,125.0,250.0,,125–250,0.8447314538670749,0.9905220618826275,REG,OK,False,ML Test · Phone-safe
air_lecture_0_0_1.wav,250.0,500.0,,250–500,0.9344842307277148,0.9962606718858679,REG,OK,False,ML Test · Phone-safe
air_lecture_0_0_1.wav,500.0,2000.0,,500–2k,0.8731734542815563,0.9993824191703905,REG,OK,False,ML Test · Phone-safe
air_lecture_0_0_1.wav,2000.0,4000.0,,2k–4k,0.9514322412009912,0.9993490586133242,REG,OK,False,ML Test · Phone-safe
air_lecture_0_0_1.wav,4000.0,8000.0,,4k–8k,0.7656410685200928,0.9987502770878453,REG,OK,False,ML Test · Phone-safe
air_lecture_0_0_2.wav,125.0,250.0,,125–250,0.7032079228660838,0.9817092297088854,REG,OK,False,ML Test · Phone-safe
air_lecture_0_0_2.wav,250.0,500.0,,250–500,0.9030907609008683,0.99758602920116,REG,OK,False,ML Test · Phone-safe
air_lecture_0_0_2.wav,500.0,2000.0,,500–2k,0.8879972242982062,0.9995027443327089,REG,OK,False,ML Test · Phone-safe
air_lecture_0_0_2.wav,2000.0,4000.0,,2k–4k,0.9633627528144838,0.9997404473239617,REG,OK,False,ML Test · Phone-safe
air_lecture_0_0_2.wav,4000.0,8000.0,,4k–8k,0.7957684454147399,0.9975784877112718,REG,OK,False,ML Test · Phone-safe
air_lecture_0_0_3.wav,125.0,250.0,,125–250,0.7989863403276304,0.9970983866638362,REG,OK,False,ML Test · Phone-safe
air_lecture_0_0_3.wav,250.0,500.0,,250–500,0.8759135158587107,0.9958030830942985,REG,OK,False,ML Test · Phone-safe
air_lecture_0_0_3.wav,500.0,2000.0,,500–2k,0.8792346452167654,0.9985106546275685,REG,OK,False,ML Test · Phone-safe
air_lecture_0_0_3.wav,2000.0,4000.0,,2k–4k,0.9599053424623804,0.9991286969684887,REG,OK,False,ML Test · Phone-safe
air_lecture_0_0_3.wav,4000.0,8000.0,,4k–8k,0.7871001021342086,0.9984006859153385,REG,OK,False,ML Test · Phone-safe
air_lecture_0_0_4.wav,125.0,250.0,,125–250,0.7482898956642728,0.9912313512623737,REG,OK,False,ML Test · Phone-safe
air_lecture_0_0_4.wav,250.0,500.0,,250–500,0.9570473659904971,0.9911200001830868,REG,OK,False,ML Test · Phone-safe
air_lecture_0_0_4.wav,500.0,2000.0,,500–2k,0.8994780855363516,0.9993791695266089,REG,OK,False,ML Test · Phone-safe
air_lecture_0_0_4.wav,2000.0,4000.0,,2k–4k,0.9211881839934914,0.9988983108690328,REG,OK,False,ML Test · Phone-safe
air_lecture_0_0_4.wav,4000.0,8000.0,,4k–8k,0.767874944409641,0.9985528509396083,REG,OK,False,ML Test · Phone-safe
air_lecture_0_0_5.wav,125.0,250.0,,125–250,0.8845959257218657,0.9887086209984641,REG,OK,False,ML Test · Phone-safe
air_lecture_0_0_5.wav,250.0,500.0,,250–500,0.8574290515222646,0.9904816993378666,REG,OK,False,ML Test · Phone-safe
air_lecture_0_0_5.wav,500.0,2000.0,,500–2k,0.8833100458177698,0.998847580299373,REG,OK,False,ML Test · Phone-safe
air_lecture_0_0_5.wav,2000.0,4000.0,,2k–4k,0.9591919565959354,0.9995332952649958,REG,OK,False,ML Test · Phone-safe
air_lecture_0_0_5.wav,4000.0,8000.0,,4k–8k,0.7984048009614283,0.9976072376415264,REG,OK,False,ML Test · Phone-safe
air_lecture_0_0_6.wav,125.0,250.0,,125–250,0.7550348130062653,0.992060128009734,REG,OK,False,ML Test · Phone-safe
air_lecture_0_0_6.wav,250.0,500.0,,250–500,0.8910155442458906,0.9963758969463712,REG,OK,False,ML Test · Phone-safe
air_lecture_0_0_6.wav,500.0,2000.0,,500–2k,0.8856838253398707,0.9988190503172105,REG,OK,False,ML Test · Phone-safe
air_lecture_0_0_6.wav,2000.0,4000.0,,2k–4k,0.951354091500914,0.9991998352400913,REG,OK,False,ML Test · Phone-safe
air_lecture_0_0_6.wav,4000.0,8000.0,,4k–8k,0.7962743042007615,0.9982668597271929,REG,OK,False,ML Test · Phone-safe
air_lecture_0_1_1.wav,125.0,250.0,,125–250,0.826164373816485,0.9883661716528936,REG,OK,False,ML Test · Phone-safe
air_lecture_0_1_1.wav,250.0,500.0,,250–500,0.9179585800900876,0.9956245747268568,REG,OK,False,ML Test · Phone-safe
air_lecture_0_1_1.wav,500.0,2000.0,,500–2k,0.8554233621324703,0.9993059926743114,REG,OK,False,ML Test · Phone-safe
air_lecture_0_1_1.wav,2000.0,4000.0,,2k–4k,0.9249498335198066,0.9989476006329189,REG,OK,False,ML Test · Phone-safe
air_lecture_0_1_1.wav,4000.0,8000.0,,4k–8k,0.7896059096555459,0.9980761807156013,REG,OK,False,ML Test · Phone-safe
air_lecture_0_1_2.wav,125.0,250.0,,125–250,0.7042815932045516,0.983286909611883,REG,OK,False,ML Test · Phone-safe
air_lecture_0_1_2.wav,250.0,500.0,,250–500,0.8567686169077777,0.9960556112234628,REG,OK,False,ML Test · Phone-safe
air_lecture_0_1_2.wav,500.0,2000.0,,500–2k,0.8298419150232857,0.9994448278346235,REG,OK,False,ML Test · Phone-safe
air_lecture_0_1_2.wav,2000.0,4000.0,,2k–4k,0.7138347358238787,0.9984596453022095,REG,OK,False,ML Test · Phone-safe
air_lecture_0_1_2.wav,4000.0,8000.0,,4k–8k,0.5877579565856252,0.9984858132999237,REG,OK,False,ML Test · Phone-safe
air_lecture_0_1_3.wav,125.0,250.0,,125–250,0.788776132326664,0.9963267277176011,REG,OK,False,ML Test · Phone-safe
air_lecture_0_1_3.wav,250.0,500.0,,250–500,0.8600772628261534,0.995684867342566,REG,OK,False,ML Test · Phone-safe
air_lecture_0_1_3.wav,500.0,2000.0,,500–2k,0.8888584978342751,0.9991329612749147,REG,OK,False,ML Test · Phone-safe
air_lecture_0_1_3.wav,2000.0,4000.0,,2k–4k,0.9530293115890215,0.9993648982723773,REG,OK,False,ML Test · Phone-safe
air_lecture_0_1_3.wav,4000.0,8000.0,,4k–8k,0.8484032921688764,0.9975830030448086,REG,OK,False,ML Test · Phone-safe
air_lecture_0_1_4.wav,125.0,250.0,,125–250,0.7584294639250424,0.9908014213490695,REG,OK,False,ML Test · Phone-safe
air_lecture_0_1_4.wav,250.0,500.0,,250–500,0.9274527391326103,0.9942018505311188,REG,OK,False,ML Test · Phone-safe
air_lecture_0_1_4.wav,500.0,2000.0,,500–2k,0.884170019572965,0.998396774807105,REG,OK,False,ML Test · Phone-safe
air_lecture_0_1_4.wav,2000.0,4000.0,,2k–4k,0.9307096536708526,0.9995080745167941,REG,OK,False,ML Test · Phone-safe
air_lecture_0_1_4.wav,4000.0,8000.0,,4k–8k,0.8472628348539386,0.9972427767232056,REG,OK,False,ML Test · Phone-safe
air_lecture_0_1_5.wav,125.0,250.0,,125–250,0.8793040985775417,0.9902408462184458,REG,OK,False,ML Test · Phone-safe
air_lecture_0_1_5.wav,250.0,500.0,,250–500,0.8382536370960101,0.9961918587271789,REG,OK,False,ML Test · Phone-safe
air_lecture_0_1_5.wav,500.0,2000.0,,500–2k,0.8629073374597441,0.9995060992586638,REG,OK,False,ML Test · Phone-safe
air_lecture_0_1_5.wav,2000.0,4000.0,,2k–4k,0.9667805153916377,0.9997547421993537,REG,OK,False,ML Test · Phone-safe
air_lecture_0_1_5.wav,4000.0,8000.0,,4k–8k,0.8342579217590734,0.9954304130921636,REG,OK,False,ML Test · Phone-safe
air_lecture_0_1_6.wav,125.0,250.0,,125–250,0.7863118096688162,0.9893362163364563,REG,OK,False,ML Test · Phone-safe
air_lecture_0_1_6.wav,250.0,500.0,,250–500,0.8785940243722342,0.9964114123946654,REG,OK,False,ML Test · Phone-safe
air_lecture_0_1_6.wav,500.0,2000.0,,500–2k,0.8865419201813343,0.9995042307173364,REG,OK,False,ML Test · Phone-safe
air_lecture_0_1_6.wav,2000.0,4000.0,,2k–4k,0.9646679952562295,0.9993216447446442,REG,OK,False,ML Test · Phone-safe
air_lecture_0_1_6.wav,4000.0,8000.0,,4k–8k,0.8103942376803702,0.997855250725708,REG,OK,False,ML Test · Phone-safe
air_lecture_1_0_1.wav,125.0,250.0,,125–250,0.8143137220666036,0.9911053460981143,REG,OK,False,ML Test · Phone-safe
air_lecture_1_0_1.wav,250.0,500.0,,250–500,0.8522073397882738,0.9979415687395263,REG,OK,False,ML Test · Phone-safe
air_lecture_1_0_1.wav,500.0,2000.0,,500–2k,0.8579568000092199,0.9990842537089775,REG,OK,False,ML Test · Phone-safe
air_lecture_1_0_1.wav,2000.0,4000.0,,2k–4k,0.9472675792354409,0.9995934246940611,REG,OK,False,ML Test · Phone-safe
air_lecture_1_0_1.wav,4000.0,8000.0,,4k–8k,0.7581917168482578,0.9992544145989092,REG,OK,False,ML Test · Phone-safe
air_lecture_1_0_2.wav,125.0,250.0,,125–250,0.6712007743630807,0.9785189711029396,REG,OK,False,ML Test · Phone-safe
air_lecture_1_0_2.wav,250.0,500.0,,250–500,0.8781894029818967,0.9959872476210841,REG,OK,False,ML Test · Phone-safe
air_lecture_1_0_2.wav,500.0,2000.0,,500–2k,0.8773925341780189,0.999765645024446,REG,OK,False,ML Test · Phone-safe
air_lecture_1_0_2.wav,2000.0,4000.0,,2k–4k,0.9342624076567058,0.9993513440616949,REG,OK,False,ML Test · Phone-safe
air_lecture_1_0_2.wav,4000.0,8000.0,,4k–8k,0.7837138355611968,0.9975997523821397,REG,OK,False,ML Test · Phone-safe
air_lecture_1_0_3.wav,125.0,250.0,,125–250,0.8132259290632992,0.9973317338796754,REG,OK,False,ML Test · Phone-safe
air_lecture_1_0_3.wav,250.0,500.0,,250–500,0.8913511617313374,0.9955547692523851,REG,OK,False,ML Test · Phone-safe
air_lecture_1_0_3.wav,500.0,2000.0,,500–2k,0.8977453132310311,0.9993877078206272,REG,OK,False,ML Test · Phone-safe
air_lecture_1_0_3.wav,2000.0,4000.0,,2k–4k,0.9224121894273978,0.9997712837896465,REG,OK,False,ML Test · Phone-safe
air_lecture_1_0_3.wav,4000.0,8000.0,,4k–8k,0.7734813912926155,0.9982870831355514,REG,OK,False,ML Test · Phone-safe
air_lecture_1_0_4.wav,125.0,250.0,,125–250,0.7387015719164655,0.989674419696752,REG,OK,False,ML Test · Phone-safe
air_lecture_1_0_4.wav,250.0,500.0,,250–500,0.9300006274073326,0.9885566075218151,REG,OK,False,ML Test · Phone-safe
air_lecture_1_0_4.wav,500.0,2000.0,,500–2k,0.897546982965772,0.9988040439596432,REG,OK,False,ML Test · Phone-safe
air_lecture_1_0_4.wav,2000.0,4000.0,,2k–4k,0.9349180200601579,0.9995535492980947,REG,OK,False,ML Test · Phone-safe
air_lecture_1_0_4.wav,4000.0,8000.0,,4k–8k,0.7573586782081954,0.9982955777384864,REG,OK,False,ML Test · Phone-safe
air_lecture_1_0_5.wav,125.0,250.0,,125–250,0.8793121462503487,0.9864220037946465,REG,OK,False,ML Test · Phone-safe
air_lecture_1_0_5.wav,250.0,500.0,,250–500,0.8740580883815398,0.9920782432400774,REG,OK,False,ML Test · Phone-safe
air_lecture_1_0_5.wav,500.0,2000.0,,500–2k,0.9114058635308769,0.998978944374403,REG,OK,False,ML Test · Phone-safe
air_lecture_1_0_5.wav,2000.0,4000.0,,2k–4k,0.9592005582956604,0.9997019283078851,REG,OK,False,ML Test · Phone-safe
air_lecture_1_0_5.wav,4000.0,8000.0,,4k–8k,0.7954248152205499,0.9960253678525014,REG,OK,False,ML Test · Phone-safe
air_lecture_1_0_6.wav,125.0,250.0,,125–250,0.7397046310889129,0.9915795632448087,REG,OK,False,ML Test · Phone-safe
air_lecture_1_0_6.wav,250.0,500.0,,250–500,0.881684060238628,0.990992578889418,REG,OK,False,ML Test · Phone-safe
air_lecture_1_0_6.wav,500.0,2000.0,,500–2k,0.855384228456966,0.9991919453787631,REG,OK,False,ML Test · Phone-safe
air_lecture_1_0_6.wav,2000.0,4000.0,,2k–4k,0.9287232564218386,0.9995469231604242,REG,OK,False,ML Test · Phone-safe
air_lecture_1_0_6.wav,4000.0,8000.0,,4k–8k,0.7712282295795173,0.9987975203187672,REG,OK,False,ML Test · Phone-safe
air_lecture_1_1_1.wav,125.0,250.0,,125–250,0.7864310362709865,0.9902826507052688,REG,OK,False,ML Test · Phone-safe
air_lecture_1_1_1.wav,250.0,500.0,,250–500,0.8295889767237229,0.9951843326793283,REG,OK,False,ML Test · Phone-safe
air_lecture_1_1_1.wav,500.0,2000.0,,500–2k,0.8870335204118006,0.9989335447875033,REG,OK,False,ML Test · Phone-safe
air_lecture_1_1_1.wav,2000.0,4000.0,,2k–4k,0.9299712728503331,0.9995146076987838,REG,OK,False,ML Test · Phone-safe
air_lecture_1_1_1.wav,4000.0,8000.0,,4k–8k,0.7393816069809264,0.998501496507105,REG,OK,False,ML Test · Phone-safe
air_lecture_1_1_2.wav,125.0,250.0,,125–250,0.6242640171803807,0.9833469751980547,REG,OK,False,ML Test · Phone-safe
air_lecture_1_1_2.wav,250.0,500.0,,250–500,0.8440333401543525,0.9958949168089571,REG,OK,False,ML Test · Phone-safe
air_lecture_1_1_2.wav,500.0,2000.0,,500–2k,0.8274698829772559,0.9989332315119395,REG,OK,False,ML Test · Phone-safe
air_lecture_1_1_2.wav,2000.0,4000.0,,2k–4k,0.697982601541534,0.998870328848104,REG,OK,False,ML Test · Phone-safe
air_lecture_1_1_2.wav,4000.0,8000.0,,4k–8k,0.5557111130748722,0.9975326595877109,REG,OK,False,ML Test · Phone-safe
air_lecture_1_1_3.wav,125.0,250.0,,125–250,0.8232730635527069,0.9951093281274951,REG,OK,False,ML Test · Phone-safe
air_lecture_1_1_3.wav,250.0,500.0,,250–500,0.874565150824076,0.9916978589908483,REG,OK,False,ML Test · Phone-safe
air_lecture_1_1_3.wav,500.0,2000.0,,500–2k,0.8779319277547256,0.9994529698770298,REG,OK,False,ML Test · Phone-safe
air_lecture_1_1_3.wav,2000.0,4000.0,,2k–4k,0.9066849459854582,0.999300926959082,REG,OK,False,ML Test · Phone-safe
air_lecture_1_1_3.wav,4000.0,8000.0,,4k–8k,0.7893494074089676,0.9992731496760313,REG,OK,False,ML Test · Phone-safe
air_lecture_1_1_4.wav,125.0,250.0,,125–250,0.7335722006635494,0.9888859359801803,REG,OK,False,ML Test · Phone-safe
air_lecture_1_1_4.wav,250.0,500.0,,250–500,0.8969167537722548,0.9959667829402068,REG,OK,False,ML Test · Phone-safe
air_lecture_1_1_4.wav,500.0,2000.0,,500–2k,0.9151758292330128,0.9996707249482572,REG,OK,False,ML Test · Phone-safe
air_lecture_1_1_4.wav,2000.0,4000.0,,2k–4k,0.9337697846828862,0.9996240123049358,REG,OK,False,ML Test · Phone-safe
air_lecture_1_1_4.wav,4000.0,8000.0,,4k–8k,0.7723412273701484,0.998397126251844,REG,OK,False,ML Test · Phone-safe
air_lecture_1_1_5.wav,125.0,250.0,,125–250,0.8781733092009771,0.9908678643355894,REG,OK,False,ML Test · Phone-safe
air_lecture_1_1_5.wav,250.0,500.0,,250–500,0.8833901816921286,0.9913650989658043,REG,OK,False,ML Test · Phone-safe
air_lecture_1_1_5.wav,500.0,2000.0,,500–2k,0.8946447818689166,0.9995424596404434,REG,OK,False,ML Test · Phone-safe
air_lecture_1_1_5.wav,2000.0,4000.0,,2k–4k,0.9587027670374809,0.999283928867376,REG,OK,False,ML Test · Phone-safe
air_lecture_1_1_5.wav,4000.0,8000.0,,4k–8k,0.8328450031095217,0.997778974691487,REG,OK,False,ML Test · Phone-safe
air_lecture_1_1_6.wav,125.0,250.0,,125–250,0.7344889683578119,0.9891651695760599,REG,OK,False,ML Test · Phone-safe
air_lecture_1_1_6.wav,250.0,500.0,,250–500,0.8785515094028256,0.9934365830209937,REG,OK,False,ML Test · Phone-safe
air_lecture_1_1_6.wav,500.0,2000.0,,500–2k,0.8966168273231122,0.9995581055904852,REG,OK,False,ML Test · Phone-safe
air_lecture_1_1_6.wav,2000.0,4000.0,,2k–4k,0.9534491249900953,0.999160448129464,REG,OK,False,ML Test · Phone-safe
air_lecture_1_1_6.wav,4000.0,8000.0,,4k–8k,0.8422560161297413,0.9976716425170268,REG,OK,False,ML Test · Phone-safe
air_meeting_0_0_1.wav,125.0,250.0,,125–250,0.3853919045453845,0.9859691814146904,REG,OK,False,ML Test · Phone-safe
air_meeting_0_0_1.wav,250.0,500.0,,250–500,0.4063842752439119,0.9949974184784848,REG,OK,False,ML Test · Phone-safe
air_meeting_0_0_1.wav,500.0,2000.0,,500–2k,0.2998301841642916,0.9968229860669913,REG,OK,False,ML Test · Phone-safe
air_meeting_0_0_1.wav,2000.0,4000.0,,2k–4k,0.32400050703190086,0.9910600864869274,REG,OK,False,ML Test · Phone-safe
air_meeting_0_0_1.wav,4000.0,8000.0,,4k–8k,0.2983558035932194,0.9906385292213911,REG,OK,False,ML Test · Phone-safe
air_meeting_0_0_2.wav,125.0,250.0,,125–250,0.42820360035715377,0.984726466117537,REG,OK,False,ML Test · Phone-safe
air_meeting_0_0_2.wav,250.0,500.0,,250–500,0.3854597280817105,0.987887264483678,REG,OK,False,ML Test · Phone-safe
air_meeting_0_0_2.wav,500.0,2000.0,,500–2k,0.3505794963233113,0.9947216845215857,REG,OK,False,ML Test · Phone-safe
air_meeting_0_0_2.wav,2000.0,4000.0,,2k–4k,0.3276769946787612,0.9899473559165769,REG,OK,False,ML Test · Phone-safe
air_meeting_0_0_2.wav,4000.0,8000.0,,4k–8k,0.2921130594737857,0.9897245899096985,REG,OK,False,ML Test · Phone-safe
air_meeting_0_0_3.wav,125.0,250.0,,125–250,0.38157078972274766,0.9777358221423043,REG,OK,False,ML Test · Phone-safe
air_meeting_0_0_3.wav,250.0,500.0,,250–500,0.399829595605034,0.986255321843752,REG,OK,False,ML Test · Phone-safe
air_meeting_0_0_3.wav,500.0,2000.0,,500–2k,0.33320154262027213,0.9940981611875371,REG,OK,False,ML Test · Phone-safe
air_meeting_0_0_3.wav,2000.0,4000.0,,2k–4k,0.3283569249894857,0.9823127647863211,REG,OK,False,ML Test · Phone-safe
air_meeting_0_0_3.wav,4000.0,8000.0,,4k–8k,0.30809747522373176,0.9864889309463093,REG,OK,False,ML Test · Phone-safe
air_meeting_0_0_4.wav,125.0,250.0,,125–250,0.44351953894608426,0.9870634675350992,REG,OK,False,ML Test · Phone-safe
air_meeting_0_0_4.wav,250.0,500.0,,250–500,0.4274155617365073,0.9845156166540456,REG,OK,False,ML Test · Phone-safe
air_meeting_0_0_4.wav,500.0,2000.0,,500–2k,0.3490509476482058,0.9957658437157689,REG,OK,False,ML Test · Phone-safe
air_meeting_0_0_4.wav,2000.0,4000.0,,2k–4k,0.34281216771363643,0.9923200152510776,REG,OK,False,ML Test · Phone-safe
air_meeting_0_0_4.wav,4000.0,8000.0,,4k–8k,0.3145065421928982,0.9951995633528992,REG,OK,False,ML Test · Phone-safe
air_meeting_0_0_5.wav,125.0,250.0,,125–250,0.4625359886033741,0.9878066522359675,REG,OK,False,ML Test · Phone-safe
air_meeting_0_0_5.wav,250.0,500.0,,250–500,0.3673044612794885,0.9899629536425721,REG,OK,False,ML Test · Phone-safe
air_meeting_0_0_5.wav,500.0,2000.0,,500–2k,0.3440363342188828,0.9973168663131301,REG,OK,False,ML Test · Phone-safe
air_meeting_0_0_5.wav,2000.0,4000.0,,2k–4k,0.34511781952365256,0.9925785865959615,REG,OK,False,ML Test · Phone-safe
air_meeting_0_0_5.wav,4000.0,8000.0,,4k–8k,0.3290900659638341,0.9944861712826446,REG,OK,False,ML Test · Phone-safe
air_meeting_0_1_1.wav,125.0,250.0,,125–250,0.37670170848612244,0.9852195608258686,REG,OK,False,ML Test · Phone-safe
air_meeting_0_1_1.wav,250.0,500.0,,250–500,0.364558073244734,0.9923345042519787,REG,OK,False,ML Test · Phone-safe
air_meeting_0_1_1.wav,500.0,2000.0,,500–2k,0.3126819951204248,0.9935864835371755,REG,OK,False,ML Test · Phone-safe
air_meeting_0_1_1.wav,2000.0,4000.0,,2k–4k,0.29411424325501234,0.9880606733107419,REG,OK,False,ML Test · Phone-safe
air_meeting_0_1_1.wav,4000.0,8000.0,,4k–8k,0.2932842477053505,0.990902007054703,REG,OK,False,ML Test · Phone-safe
air_meeting_0_1_2.wav,125.0,250.0,,125–250,0.3962463144384191,0.9857640069076986,REG,OK,False,ML Test · Phone-safe
air_meeting_0_1_2.wav,250.0,500.0,,250–500,0.3557403870011917,0.9924469465209439,REG,OK,False,ML Test · Phone-safe
air_meeting_0_1_2.wav,500.0,2000.0,,500–2k,0.3449437140689437,0.9955209035582768,REG,OK,False,ML Test · Phone-safe
air_meeting_0_1_2.wav,2000.0,4000.0,,2k–4k,0.34244461315081215,0.982023557212837,REG,OK,False,ML Test · Phone-safe
air_meeting_0_1_2.wav,4000.0,8000.0,,4k–8k,0.2845454587946106,0.9928000687025373,REG,OK,False,ML Test · Phone-safe
air_meeting_0_1_3.wav,125.0,250.0,,125–250,0.35728848506344424,0.9872641095146435,REG,OK,False,ML Test · Phone-safe
air_meeting_0_1_3.wav,250.0,500.0,,250–500,0.3753877587276891,0.9920747445395837,REG,OK,False,ML Test · Phone-safe
air_meeting_0_1_3.wav,500.0,2000.0,,500–2k,0.322065502398229,0.9950042865538974,REG,OK,False,ML Test · Phone-safe
air_meeting_0_1_3.wav,2000.0,4000.0,,2k–4k,0.3180520754206858,0.9860789082316402,REG,OK,False,ML Test · Phone-safe
air_meeting_0_1_3.wav,4000.0,8000.0,,4k–8k,0.29760937239426,0.9916430611219231,REG,OK,False,ML Test · Phone-safe
air_meeting_0_1_4.wav,125.0,250.0,,125–250,0.42938714257287924,0.9932636080611652,REG,OK,False,ML Test · Phone-safe
air_meeting_0_1_4.wav,250.0,500.0,,250–500,0.41116254409649944,0.9897462195028589,REG,OK,False,ML Test · Phone-safe
air_meeting_0_1_4.wav,500.0,2000.0,,500–2k,0.33363765127756145,0.9946516933891464,REG,OK,False,ML Test · Phone-safe
air_meeting_0_1_4.wav,2000.0,4000.0,,2k–4k,0.34907369144125033,0.9925665967053492,REG,OK,False,ML Test · Phone-safe
air_meeting_0_1_4.wav,4000.0,8000.0,,4k–8k,0.3159936463536857,0.9953703271806175,REG,OK,False,ML Test · Phone-safe
air_meeting_0_1_5.wav,125.0,250.0,,125–250,0.49850498913741736,0.9847056210458387,REG,OK,False,ML Test · Phone-safe
air_meeting_0_1_5.wav,250.0,500.0,,250–500,0.3748217040274389,0.9895778910533997,REG,OK,False,ML Test · Phone-safe
air_meeting_0_1_5.wav,500.0,2000.0,,500–2k,0.33754277321679454,0.9968512404978888,REG,OK,False,ML Test · Phone-safe
air_meeting_0_1_5.wav,2000.0,4000.0,,2k–4k,0.3549978166159872,0.9918900399812272,REG,OK,False,ML Test · Phone-safe
air_meeting_0_1_5.wav,4000.0,8000.0,,4k–8k,0.30862073541669477,0.9941271994322809,REG,OK,False,ML Test · Phone-safe
air_meeting_1_0_1.wav,125.0,250.0,,125–250,0.3908354681186218,0.9851666736713623,REG,OK,False,ML Test · Phone-safe
air_meeting_1_0_1.wav,250.0,500.0,,250–500,0.4121200390995323,0.9891535307343529,REG,OK,False,ML Test · Phone-safe
air_meeting_1_0_1.wav,500.0,2000.0,,500–2k,0.32150226772974017,0.990178537744904,REG,OK,False,ML Test · Phone-safe
air_meeting_1_0_1.wav,2000.0,4000.0,,2k–4k,0.3354173119562678,0.991917065691507,REG,OK,False,ML Test · Phone-safe
air_meeting_1_0_1.wav,4000.0,8000.0,,4k–8k,0.3126931412258943,0.9928954921621678,REG,OK,False,ML Test · Phone-safe
air_meeting_1_0_2.wav,125.0,250.0,,125–250,0.4208761816690819,0.9888030380206627,REG,OK,False,ML Test · Phone-safe
air_meeting_1_0_2.wav,250.0,500.0,,250–500,0.3948403246120741,0.977017266137524,REG,OK,False,ML Test · Phone-safe
air_meeting_1_0_2.wav,500.0,2000.0,,500–2k,0.3457591911390256,0.9981947664236662,REG,OK,False,ML Test · Phone-safe
air_meeting_1_0_2.wav,2000.0,4000.0,,2k–4k,0.33221765756514327,0.9875139598453521,REG,OK,False,ML Test · Phone-safe
air_meeting_1_0_2.wav,4000.0,8000.0,,4k–8k,0.2954332582925914,0.993841559191653,REG,OK,False,ML Test · Phone-safe
air_meeting_1_0_3.wav,125.0,250.0,,125–250,0.3894693275035067,0.9680706179591383,REG,OK,False,ML Test · Phone-safe
air_meeting_1_0_3.wav,250.0,500.0,,250–500,0.41013075173033275,0.9883166494912452,REG,OK,False,ML Test · Phone-safe
air_meeting_1_0_3.wav,500.0,2000.0,,500–2k,0.33977778371239165,0.9939406554321701,REG,OK,False,ML Test · Phone-safe
air_meeting_1_0_3.wav,2000.0,4000.0,,2k–4k,0.31339603657894394,0.9834186328243228,REG,OK,False,ML Test · Phone-safe
air_meeting_1_0_3.wav,4000.0,8000.0,,4k–8k,0.2982326586706567,0.9917708379677954,REG,OK,False,ML Test · Phone-safe
air_meeting_1_0_4.wav,125.0,250.0,,125–250,0.4527445145509831,0.9697635845127522,REG,OK,False,ML Test · Phone-safe
air_meeting_1_0_4.wav,250.0,500.0,,250–500,0.4187333126904729,0.9922826328574639,REG,OK,False,ML Test · Phone-safe
air_meeting_1_0_4.wav,500.0,2000.0,,500–2k,0.36168259730732133,0.99484165220734,REG,OK,False,ML Test · Phone-safe
air_meeting_1_0_4.wav,2000.0,4000.0,,2k–4k,0.34102958726377763,0.9870238171391404,REG,OK,False,ML Test · Phone-safe
air_meeting_1_0_4.wav,4000.0,8000.0,,4k–8k,0.323959120226491,0.9951015192149246,REG,OK,False,ML Test · Phone-safe
air_meeting_1_0_5.wav,125.0,250.0,,125–250,0.5052339662898102,0.9885038189573243,REG,OK,False,ML Test · Phone-safe
air_meeting_1_0_5.wav,250.0,500.0,,250–500,0.3715823441109966,0.9884801016346704,REG,OK,False,ML Test · Phone-safe
air_meeting_1_0_5.wav,500.0,2000.0,,500–2k,0.3456791667726385,0.9968778157612261,REG,OK,False,ML Test · Phone-safe
air_meeting_1_0_5.wav,2000.0,4000.0,,2k–4k,0.33171899676725763,0.9965291867452067,REG,OK,False,ML Test · Phone-safe
air_meeting_1_0_5.wav,4000.0,8000.0,,4k–8k,0.3309485167924399,0.9938215828292749,REG,OK,False,ML Test · Phone-safe
air_meeting_1_1_1.wav,125.0,250.0,,125–250,0.38784252704925426,0.9704710772912206,REG,OK,False,ML Test · Phone-safe
air_meeting_1_1_1.wav,250.0,500.0,,250–500,0.4197302746007624,0.9879232750399858,REG,OK,False,ML Test · Phone-safe
air_meeting_1_1_1.wav,500.0,2000.0,,500–2k,0.3444301103635609,0.9965287516746527,REG,OK,False,ML Test · Phone-safe
air_meeting_1_1_1.wav,2000.0,4000.0,,2k–4k,0.3477103476034234,0.9918914897727709,REG,OK,False,ML Test · Phone-safe
air_meeting_1_1_1.wav,4000.0,8000.0,,4k–8k,0.3251883378909393,0.9954325052541513,REG,OK,False,ML Test · Phone-safe
air_meeting_1_1_2.wav,125.0,250.0,,125–250,0.39449541175630454,0.9867310493256043,REG,OK,False,ML Test · Phone-safe
air_meeting_1_1_2.wav,250.0,500.0,,250–500,0.3850577571109846,0.9895298049386773,REG,OK,False,ML Test · Phone-safe
air_meeting_1_1_2.wav,500.0,2000.0,,500–2k,0.3539417558424823,0.9972474092400518,REG,OK,False,ML Test · Phone-safe
air_meeting_1_1_2.wav,2000.0,4000.0,,2k–4k,0.3531768248474553,0.9871084042773913,REG,OK,False,ML Test · Phone-safe
air_meeting_1_1_2.wav,4000.0,8000.0,,4k–8k,0.30682929861239805,0.993825212254543,REG,OK,False,ML Test · Phone-safe
air_meeting_1_1_3.wav,125.0,250.0,,125–250,0.38531569694548184,0.9655370771574916,REG,OK,False,ML Test · Phone-safe
air_meeting_1_1_3.wav,250.0,500.0,,250–500,0.40295057043289584,0.9886978074272124,REG,OK,False,ML Test · Phone-safe
air_meeting_1_1_3.wav,500.0,2000.0,,500–2k,0.34896422651896886,0.9962279226164082,REG,OK,False,ML Test · Phone-safe
air_meeting_1_1_3.wav,2000.0,4000.0,,2k–4k,0.3210698331631915,0.9850873968670548,REG,OK,False,ML Test · Phone-safe
air_meeting_1_1_3.wav,4000.0,8000.0,,4k–8k,0.315703893223649,0.99411437793653,REG,OK,False,ML Test · Phone-safe
air_meeting_1_1_4.wav,125.0,250.0,,125–250,0.46524630028116926,0.971859335886315,REG,OK,False,ML Test · Phone-safe
air_meeting_1_1_4.wav,250.0,500.0,,250–500,0.415978507601835,0.9907297092750832,REG,OK,False,ML Test · Phone-safe
air_meeting_1_1_4.wav,500.0,2000.0,,500–2k,0.34092961773746333,0.9939105732662283,REG,OK,False,ML Test · Phone-safe
air_meeting_1_1_4.wav,2000.0,4000.0,,2k–4k,0.35268607431941634,0.9971780383585872,REG,OK,False,ML Test · Phone-safe
air_meeting_1_1_4.wav,4000.0,8000.0,,4k–8k,0.32494536376346433,0.9927701611555972,REG,OK,False,ML Test · Phone-safe
air_meeting_1_1_5.wav,125.0,250.0,,125–250,0.523458317420337,0.9930412503239521,REG,OK,False,ML Test · Phone-safe
air_meeting_1_1_5.wav,250.0,500.0,,250–500,0.37800201821087326,0.9889310018536241,REG,OK,False,ML Test · Phone-safe
air_meeting_1_1_5.wav,500.0,2000.0,,500–2k,0.346419756734563,0.9965059474117843,REG,OK,False,ML Test · Phone-safe
air_meeting_1_1_5.wav,2000.0,4000.0,,2k–4k,0.3350559037427084,0.9964023169036288,REG,OK,False,ML Test · Phone-safe
air_meeting_1_1_5.wav,4000.0,8000.0,,4k–8k,0.31390399668931457,0.9955929296905318,REG,OK,False,ML Test · Phone-safe
air_office_0_0_1.wav,125.0,250.0,,125–250,0.6485135416666666,0.9906800705504875,REG,OK,True,ML Test · Phone-safe
air_office_0_0_1.wav,250.0,500.0,,250–500,0.6485135416666666,0.9956977088340161,REG,OK,True,ML Test · Phone-safe
air_office_0_0_1.wav,500.0,2000.0,,500–2k,0.5042060375884874,0.9990656777851821,REG,OK,False,ML Test · Phone-safe
air_office_0_0_1.wav,2000.0,4000.0,,2k–4k,0.4129913974358101,0.9967365633753791,REG,OK,False,ML Test · Phone-safe
air_office_0_0_1.wav,4000.0,8000.0,,4k–8k,0.35058539461248395,0.9926542211365453,REG,OK,False,ML Test · Phone-safe
air_office_0_0_2.wav,125.0,250.0,,125–250,0.630621875,0.9904716328731418,REG,OK,True,ML Test · Phone-safe
air_office_0_0_2.wav,250.0,500.0,,250–500,0.64659375,0.9939798650800292,REG,OK,True,ML Test · Phone-safe
air_office_0_0_2.wav,500.0,2000.0,,500–2k,0.5009767992724439,0.9960732103052224,REG,OK,False,ML Test · Phone-safe
air_office_0_0_2.wav,2000.0,4000.0,,2k–4k,0.4014528136005239,0.9989013598204729,REG,OK,False,ML Test · Phone-safe
air_office_0_0_2.wav,4000.0,8000.0,,4k–8k,0.35167771248065866,0.9965472630245658,REG,OK,False,ML Test · Phone-safe
air_office_0_0_3.wav,125.0,250.0,,125–250,0.634303125,0.9870503545772401,REG,OK,True,ML Test · Phone-safe
air_office_0_0_3.wav,250.0,500.0,,250–500,0.64398125,0.9969538225920621,REG,OK,True,ML Test · Phone-safe
air_office_0_0_3.wav,500.0,2000.0,,500–2k,0.5057077188369582,0.9968847930885004,REG,OK,False,ML Test · Phone-safe
air_office_0_0_3.wav,2000.0,4000.0,,2k–4k,0.4023656638419479,0.9962931231880884,REG,OK,False,ML Test · Phone-safe
air_office_0_0_3.wav,4000.0,8000.0,,4k–8k,0.3462823619972117,0.9979712380960621,REG,OK,False,ML Test · Phone-safe
air_office_0_1_1.wav,125.0,250.0,,125–250,0.6485135416666666,0.9849762238322815,REG,OK,True,ML Test · Phone-safe
air_office_0_1_1.wav,250.0,500.0,,250–500,0.6485135416666666,0.9945628454265765,REG,OK,True,ML Test · Phone-safe
air_office_0_1_1.wav,500.0,2000.0,,500–2k,0.4856202444008885,0.9969265573681371,REG,OK,False,ML Test · Phone-safe
air_office_0_1_1.wav,2000.0,4000.0,,2k–4k,0.41378155453048265,0.9965820463434915,REG,OK,False,ML Test · Phone-safe
air_office_0_1_1.wav,4000.0,8000.0,,4k–8k,0.3405966801066338,0.9969217215311917,REG,OK,False,ML Test · Phone-safe
air_office_0_1_2.wav,125.0,250.0,,125–250,0.6306416666666667,0.9881768186262909,REG,OK,True,ML Test · Phone-safe
air_office_0_1_2.wav,250.0,500.0,,250–500,0.6466927083333334,0.9945585608587176,REG,OK,True,ML Test · Phone-safe
air_office_0_1_2.wav,500.0,2000.0,,500–2k,0.5014384565830479,0.9979179230256701,REG,OK,False,ML Test · Phone-safe
air_office_0_1_2.wav,2000.0,4000.0,,2k–4k,0.40170754638984196,0.9979732343773938,REG,OK,False,ML Test · Phone-safe
air_office_0_1_2.wav,4000.0,8000.0,,4k–8k,0.35017250866571736,0.9987554274320406,REG,OK,False,ML Test · Phone-safe
air_office_0_1_3.wav,125.0,250.0,,125–250,0.6308791666666667,0.9855646000603376,REG,OK,True,ML Test · Phone-safe
air_office_0_1_3.wav,250.0,500.0,,250–500,0.6440010416666667,0.9926544284488298,REG,OK,True,ML Test · Phone-safe
air_office_0_1_3.wav,500.0,2000.0,,500–2k,0.49406656169357455,0.9977947347141185,REG,OK,False,ML Test · Phone-safe
air_office_0_1_3.wav,2000.0,4000.0,,2k–4k,0.40221874005415903,0.9964682260568344,REG,OK,False,ML Test · Phone-safe
air_office_0_1_3.wav,4000.0,8000.0,,4k–8k,0.33984251736465454,0.9983357105738102,REG,OK,False,ML Test · Phone-safe
air_office_1_0_1.wav,125.0,250.0,,125–250,0.6485135416666666,0.9881732592352545,REG,OK,True,ML Test · Phone-safe
air_office_1_0_1.wav,250.0,500.0,,250–500,0.6485135416666666,0.9957437809844337,REG,OK,True,ML Test · Phone-safe
air_office_1_0_1.wav,500.0,2000.0,,500–2k,0.5042900026168134,0.9988520370517237,REG,OK,False,ML Test · Phone-safe
air_office_1_0_1.wav,2000.0,4000.0,,2k–4k,0.40016606604584026,0.9946675972898973,REG,OK,False,ML Test · Phone-safe
air_office_1_0_1.wav,4000.0,8000.0,,4k–8k,0.3286227199412579,0.9946285873136295,REG,OK,False,ML Test · Phone-safe
air_office_1_0_2.wav,125.0,250.0,,125–250,0.6308,0.9915263868561093,REG,OK,True,ML Test · Phone-safe
air_office_1_0_2.wav,250.0,500.0,,250–500,0.6466333333333333,0.9937125982808243,REG,OK,True,ML Test · Phone-safe
air_office_1_0_2.wav,500.0,2000.0,,500–2k,0.4893317137189842,0.9938991131418476,REG,OK,False,ML Test · Phone-safe
air_office_1_0_2.wav,2000.0,4000.0,,2k–4k,0.40162955365290987,0.9989417474037521,REG,OK,False,ML Test · Phone-safe
air_office_1_0_2.wav,4000.0,8000.0,,4k–8k,0.33651034825803394,0.9970933118448041,REG,OK,False,ML Test · Phone-safe
air_office_1_0_3.wav,125.0,250.0,,125–250,0.6127172406583922,0.9773602130560025,REG,OK,False,ML Test · Phone-safe
air_office_1_0_3.wav,250.0,500.0,,250–500,0.6438822916666667,0.9930618355897237,REG,OK,True,ML Test · Phone-safe
air_office_1_0_3.wav,500.0,2000.0,,500–2k,0.4840655812179671,0.9984837587533488,REG,OK,False,ML Test · Phone-safe
air_office_1_0_3.wav,2000.0,4000.0,,2k–4k,0.3959481947834853,0.9976054074921461,REG,OK,False,ML Test · Phone-safe
air_office_1_0_3.wav,4000.0,8000.0,,4k–8k,0.3376226553284259,0.9971876232430419,REG,OK,False,ML Test · Phone-safe
air_office_1_1_1.wav,125.0,250.0,,125–250,0.6485135416666666,0.9928096472135673,REG,OK,True,ML Test · Phone-safe
air_office_1_1_1.wav,250.0,500.0,,250–500,0.6485135416666666,0.9956079853656228,REG,OK,True,ML Test · Phone-safe
air_office_1_1_1.wav,500.0,2000.0,,500–2k,0.495284634114006,0.9982100367494459,REG,OK,False,ML Test · Phone-safe
air_office_1_1_1.wav,2000.0,4000.0,,2k–4k,0.39874029730794847,0.9975118655606939,REG,OK,False,ML Test · Phone-safe
air_office_1_1_1.wav,4000.0,8000.0,,4k–8k,0.3276462476053881,0.9966346903411215,REG,OK,False,ML Test · Phone-safe
air_office_1_1_2.wav,125.0,250.0,,125–250,0.6309583333333333,0.990382749134103,REG,OK,True,ML Test · Phone-safe
air_office_1_1_2.wav,250.0,500.0,,250–500,0.6467322916666667,0.9901930315027132,REG,OK,True,ML Test · Phone-safe
air_office_1_1_2.wav,500.0,2000.0,,500–2k,0.4796096950571359,0.997456507038668,REG,OK,False,ML Test · Phone-safe
air_office_1_1_2.wav,2000.0,4000.0,,2k–4k,0.3866807810455971,0.9981852234700612,REG,OK,False,ML Test · Phone-safe
air_office_1_1_2.wav,4000.0,8000.0,,4k–8k,0.32908590782534364,0.9956459941698057,REG,OK,False,ML Test · Phone-safe
air_office_1_1_3.wav,125.0,250.0,,125–250,0.5673479166666666,0.9788153099981921,REG,OK,True,ML Test · Phone-safe
air_office_1_1_3.wav,250.0,500.0,,250–500,0.64398125,0.992212763335098,REG,OK,True,ML Test · Phone-safe
air_office_1_1_3.wav,500.0,2000.0,,500–2k,0.47364444255078064,0.998980022697027,REG,OK,False,ML Test · Phone-safe
air_office_1_1_3.wav,2000.0,4000.0,,2k–4k,0.4078207325691043,0.9977916595518821,REG,OK,False,ML Test · Phone-safe
air_office_1_1_3.wav,4000.0,8000.0,,4k–8k,0.3417920749979689,0.998412079898657,REG,OK,False,ML Test · Phone-safe
air_stairway_0_1_1_0_mls.wav,125.0,250.0,,125–250,1.0846383465537612,0.984566430606294,REG,OK,False,ML Test · Phone-safe
air_stairway_0_1_1_0_mls.wav,250.0,500.0,,250–500,1.2406748791383049,0.981523049041416,REG,OK,False,ML Test · Phone-safe
air_stairway_0_1_1_0_mls.wav,500.0,2000.0,,500–2k,1.031361479460123,0.9745344712915914,REG,OK,False,ML Test · Phone-safe
air_stairway_0_1_1_0_mls.wav,2000.0,4000.0,,2k–4k,0.9858733345444218,0.9868957529495116,REG,OK,False,ML Test · Phone-safe
air_stairway_0_1_1_0_mls.wav,4000.0,8000.0,,4k–8k,0.9180353525897214,0.9880485078746366,REG,OK,False,ML Test · Phone-safe
air_stairway_0_1_1_105_mls.wav,125.0,250.0,,125–250,1.0126100774975666,0.979260194716869,REG,OK,False,ML Test · Phone-safe
air_stairway_0_1_1_105_mls.wav,250.0,500.0,,250–500,1.0757440390383426,0.976670992664972,REG,OK,False,ML Test · Phone-safe
air_stairway_0_1_1_105_mls.wav,500.0,2000.0,,500–2k,0.974505097556262,0.9891777301462132,REG,OK,False,ML Test · Phone-safe
air_stairway_0_1_1_105_mls.wav,2000.0,4000.0,,2k–4k,0.9088962562884254,0.9971415319482372,REG,OK,False,ML Test · Phone-safe
air_stairway_0_1_1_105_mls.wav,4000.0,8000.0,,4k–8k,0.8070391254721508,0.9946550384312277,REG,OK,False,ML Test · Phone-safe
air_stairway_0_1_1_120_mls.wav,125.0,250.0,,125–250,1.0223445111943936,0.9784492270315497,REG,OK,False,ML Test · Phone-safe
air_stairway_0_1_1_120_mls.wav,250.0,500.0,,250–500,1.1151659203740967,0.9804825330075119,REG,OK,False,ML Test · Phone-safe
air_stairway_0_1_1_120_mls.wav,500.0,2000.0,,500–2k,0.9526107113375238,0.9912884954116378,REG,OK,False,ML Test · Phone-safe
air_stairway_0_1_1_120_mls.wav,2000.0,4000.0,,2k–4k,0.9103036627131105,0.9967314032530935,REG,OK,False,ML Test · Phone-safe
air_stairway_0_1_1_120_mls.wav,4000.0,8000.0,,4k–8k,0.8330674993195039,0.9962541491768466,REG,OK,False,ML Test · Phone-safe
air_stairway_0_1_1_135_mls.wav,125.0,250.0,,125–250,1.0386183063205905,0.981619333736025,REG,OK,False,ML Test · Phone-safe
air_stairway_0_1_1_135_mls.wav,250.0,500.0,,250–500,1.0591333932180056,0.9857598814507476,REG,OK,False,ML Test · Phone-safe
air_stairway_0_1_1_135_mls.wav,500.0,2000.0,,500–2k,0.9177742252428034,0.9935567627489063,REG,OK,False,ML Test · Phone-safe
air_stairway_0_1_1_135_mls.wav,2000.0,4000.0,,2k–4k,0.9072834246743622,0.9947675965820939,REG,OK,False,ML Test · Phone-safe
air_stairway_0_1_1_135_mls.wav,4000.0,8000.0,,4k–8k,0.8268321270928606,0.9935239095905671,REG,OK,False,ML Test · Phone-safe
air_stairway_0_1_1_150_mls.wav,125.0,250.0,,125–250,1.1682019383907611,0.9865213694751095,REG,OK,False,ML Test · Phone-safe
air_stairway_0_1_1_150_mls.wav,250.0,500.0,,250–500,1.0901142404543858,0.9805349247304074,REG,OK,False,ML Test · Phone-safe
air_stairway_0_1_1_150_mls.wav,500.0,2000.0,,500–2k,0.9653579287048468,0.9910183914096433,REG,OK,False,ML Test · Phone-safe
air_stairway_0_1_1_150_mls.wav,2000.0,4000.0,,2k–4k,0.9052778374566299,0.9963823069694596,REG,OK,False,ML Test · Phone-safe
air_stairway_0_1_1_150_mls.wav,4000.0,8000.0,,4k–8k,0.827572942910606,0.9968688385571549,REG,OK,False,ML Test · Phone-safe
air_stairway_0_1_1_15_mls.wav,125.0,250.0,,125–250,0.9794638868784052,0.9894351930990475,REG,OK,False,ML Test · Phone-safe
air_stairway_0_1_1_15_mls.wav,250.0,500.0,,250–500,1.231762355611843,0.9835474662183628,REG,OK,False,ML Test · Phone-safe
air_stairway_0_1_1_15_mls.wav,500.0,2000.0,,500–2k,1.002157182741384,0.9901135940709687,REG,OK,False,ML Test · Phone-safe
air_stairway_0_1_1_15_mls.wav,2000.0,4000.0,,2k–4k,0.9873700957719818,0.9946029224722439,REG,OK,False,ML Test · Phone-safe
air_stairway_0_1_1_15_mls.wav,4000.0,8000.0,,4k–8k,0.895390602136812,0.997745422145256,REG,OK,False,ML Test · Phone-safe
air_stairway_0_1_1_165_mls.wav,125.0,250.0,,125–250,1.14592533278111,0.988869240590306,REG,OK,False,ML Test · Phone-safe
air_stairway_0_1_1_165_mls.wav,250.0,500.0,,250–500,1.1023452853520035,0.9838926216215547,REG,OK,False,ML Test · Phone-safe
air_stairway_0_1_1_165_mls.wav,500.0,2000.0,,500–2k,0.9203161697033978,0.9929332797925144,REG,OK,False,ML Test · Phone-safe
air_stairway_0_1_1_165_mls.wav,2000.0,4000.0,,2k–4k,0.9236327392625583,0.9953323485186786,REG,OK,False,ML Test · Phone-safe
air_stairway_0_1_1_165_mls.wav,4000.0,8000.0,,4k–8k,0.8548631417484982,0.9984470977703532,REG,OK,False,ML Test · Phone-safe
air_stairway_0_1_1_180_mls.wav,125.0,250.0,,125–250,1.1214189211511512,0.9883327822741422,REG,OK,False,ML Test · Phone-safe
air_stairway_0_1_1_180_mls.wav,250.0,500.0,,250–500,1.1351655030783951,0.9776889552717282,REG,OK,False,ML Test · Phone-safe
air_stairway_0_1_1_180_mls.wav,500.0,2000.0,,500–2k,0.9215171660519357,0.9926878799558162,REG,OK,False,ML Test · Phone-safe
air_stairway_0_1_1_180_mls.wav,2000.0,4000.0,,2k–4k,0.8706414273838731,0.9964345622788945,REG,OK,False,ML Test · Phone-safe
air_stairway_0_1_1_180_mls.wav,4000.0,8000.0,,4k–8k,0.8647525538573289,0.9981819787819555,REG,OK,False,ML Test · Phone-safe
air_stairway_0_1_1_30_mls.wav,125.0,250.0,,125–250,1.0116296167112795,0.9889760541163245,REG,OK,False,ML Test · Phone-safe
air_stairway_0_1_1_30_mls.wav,250.0,500.0,,250–500,1.221818316766257,0.9770620542714028,REG,OK,False,ML Test · Phone-safe
air_stairway_0_1_1_30_mls.wav,500.0,2000.0,,500–2k,1.0634472985234211,0.9914710060014046,REG,OK,False,ML Test · Phone-safe
air_stairway_0_1_1_30_mls.wav,2000.0,4000.0,,2k–4k,0.9728788548747156,0.9958651470004536,REG,OK,False,ML Test · Phone-safe
air_stairway_0_1_1_30_mls.wav,4000.0,8000.0,,4k–8k,0.8800982735491831,0.9980917151629333,REG,OK,False,ML Test · Phone-safe
air_stairway_0_1_1_45_mls.wav,125.0,250.0,,125–250,1.07108472609804,0.9888728701019295,REG,OK,False,ML Test · Phone-safe
air_stairway_0_1_1_45_mls.wav,250.0,500.0,,250–500,1.1866625348194237,0.9743830729115469,REG,OK,False,ML Test · Phone-safe
air_stairway_0_1_1_45_mls.wav,500.0,2000.0,,500–2k,1.0560182646838454,0.9861680720045475,REG,OK,False,ML Test · Phone-safe
air_stairway_0_1_1_45_mls.wav,2000.0,4000.0,,2k–4k,0.9621586349974517,0.9928214808254565,REG,OK,False,ML Test · Phone-safe
air_stairway_0_1_1_45_mls.wav,4000.0,8000.0,,4k–8k,0.8914563313310309,0.9944553543611255,REG,OK,False,ML Test · Phone-safe
air_stairway_0_1_1_60_mls.wav,125.0,250.0,,125–250,1.0751566049895531,0.9877584579462981,REG,OK,False,ML Test · Phone-safe
air_stairway_0_1_1_60_mls.wav,250.0,500.0,,250–500,1.1290625389723685,0.9806312658872809,REG,OK,False,ML Test · Phone-safe
air_stairway_0_1_1_60_mls.wav,500.0,2000.0,,500–2k,1.032441095245992,0.9890029408127238,REG,OK,False,ML Test · Phone-safe
air_stairway_0_1_1_60_mls.wav,2000.0,4000.0,,2k–4k,0.9363739482261686,0.9933838770680449,REG,OK,False,ML Test · Phone-safe
air_stairway_0_1_1_60_mls.wav,4000.0,8000.0,,4k–8k,0.8529725475967163,0.9974531747830868,REG,OK,False,ML Test · Phone-safe
air_stairway_0_1_1_75_mls.wav,125.0,250.0,,125–250,1.0444685631926263,0.9862701924950914,REG,OK,False,ML Test · Phone-safe
air_stairway_0_1_1_75_mls.wav,250.0,500.0,,250–500,1.1428577662147519,0.9817270641777347,REG,OK,False,ML Test · Phone-safe
air_stairway_0_1_1_75_mls.wav,500.0,2000.0,,500–2k,1.0045748028027663,0.9883536300584344,REG,OK,False,ML Test · Phone-safe
air_stairway_0_1_1_75_mls.wav,2000.0,4000.0,,2k–4k,0.9671578523016315,0.9978018360600117,REG,OK,False,ML Test · Phone-safe
air_stairway_0_1_1_75_mls.wav,4000.0,8000.0,,4k–8k,0.8562206148612649,0.9961472401360691,REG,OK,False,ML Test · Phone-safe
air_stairway_0_1_1_90_mls.wav,125.0,250.0,,125–250,1.1215642582231657,0.9753085827288371,REG,OK,False,ML Test · Phone-safe
air_stairway_0_1_1_90_mls.wav,250.0,500.0,,250–500,1.1154329253452038,0.9693696123870387,REG,OK,False,ML Test · Phone-safe
air_stairway_0_1_1_90_mls.wav,500.0,2000.0,,500–2k,0.9729560434242532,0.9870139355706468,REG,OK,False,ML Test · Phone-safe
air_stairway_0_1_1_90_mls.wav,2000.0,4000.0,,2k–4k,0.9397685125566522,0.9950248015493538,REG,OK,False,ML Test · Phone-safe
air_stairway_0_1_1_90_mls.wav,4000.0,8000.0,,4k–8k,0.8128565202450897,0.996734019089168,REG,OK,False,ML Test · Phone-safe
air_stairway_0_1_2_0_mls.wav,125.0,250.0,,125–250,1.2031453177158928,0.9920253774136326,REG,OK,False,ML Test · Phone-safe
air_stairway_0_1_2_0_mls.wav,250.0,500.0,,250–500,1.1718315458137654,0.9879294348088146,REG,OK,False,ML Test · Phone-safe
air_stairway_0_1_2_0_mls.wav,500.0,2000.0,,500–2k,1.1352822390433672,0.9869031106525561,REG,OK,False,ML Test · Phone-safe
air_stairway_0_1_2_0_mls.wav,2000.0,4000.0,,2k–4k,0.989275706665175,0.9941975430426784,REG,OK,False,ML Test · Phone-safe
air_stairway_0_1_2_0_mls.wav,4000.0,8000.0,,4k–8k,0.8698711611221437,0.9986499552798682,REG,OK,False,ML Test · Phone-safe
air_stairway_0_1_2_105_mls.wav,125.0,250.0,,125–250,1.0850441245831886,0.9828838180821662,REG,OK,False,ML Test · Phone-safe
air_stairway_0_1_2_105_mls.wav,250.0,500.0,,250–500,1.2316664251585965,0.9700241548993324,REG,OK,False,ML Test · Phone-safe
air_stairway_0_1_2_105_mls.wav,500.0,2000.0,,500–2k,1.0463201766869958,0.9859680500719648,REG,OK,False,ML Test · Phone-safe
air_stairway_0_1_2_105_mls.wav,2000.0,4000.0,,2k–4k,0.9525197636604574,0.997492505653235,REG,OK,False,ML Test · Phone-safe
air_stairway_0_1_2_105_mls.wav,4000.0,8000.0,,4k–8k,0.8333460642314194,0.9943103702024723,REG,OK,False,ML Test · Phone-safe
air_stairway_0_1_2_120_mls.wav,125.0,250.0,,125–250,1.0211607045810167,0.9744684442396436,REG,OK,False,ML Test · Phone-safe
air_stairway_0_1_2_120_mls.wav,250.0,500.0,,250–500,1.1288634966312792,0.9885437393607547,REG,OK,False,ML Test · Phone-safe
air_stairway_0_1_2_120_mls.wav,500.0,2000.0,,500–2k,1.059160289954095,0.9864499603053095,REG,OK,False,ML Test · Phone-safe
air_stairway_0_1_2_120_mls.wav,2000.0,4000.0,,2k–4k,0.9582781568692224,0.9965981283007237,REG,OK,False,ML Test · Phone-safe
air_stairway_0_1_2_120_mls.wav,4000.0,8000.0,,4k–8k,0.8195129253801668,0.9920440971274097,REG,OK,False,ML Test · Phone-safe
air_stairway_0_1_2_135_mls.wav,125.0,250.0,,125–250,1.0185024699660459,0.9860573288886011,REG,OK,False,ML Test · Phone-safe
air_stairway_0_1_2_135_mls.wav,250.0,500.0,,250–500,1.2009912882418747,0.9849180714467973,REG,OK,False,ML Test · Phone-safe
air_stairway_0_1_2_135_mls.wav,500.0,2000.0,,500–2k,1.0219918794745524,0.989303426278845,REG,OK,False,ML Test · Phone-safe
air_stairway_0_1_2_135_mls.wav,2000.0,4000.0,,2k–4k,0.9301345115709004,0.9935363907425401,REG,OK,False,ML Test · Phone-safe
air_stairway_0_1_2_135_mls.wav,4000.0,8000.0,,4k–8k,0.8329486344363368,0.9955167040573478,REG,OK,False,ML Test · Phone-safe
air_stairway_0_1_2_150_mls.wav,125.0,250.0,,125–250,1.170344568302343,0.971600100421906,REG,OK,False,ML Test · Phone-safe
air_stairway_0_1_2_150_mls.wav,250.0,500.0,,250–500,1.1905872517792664,0.9828579301361497,REG,OK,False,ML Test · Phone-safe
air_stairway_0_1_2_150_mls.wav,500.0,2000.0,,500–2k,0.992287805277782,0.988551712673199,REG,OK,False,ML Test · Phone-safe
air_stairway_0_1_2_150_mls.wav,2000.0,4000.0,,2k–4k,0.9344137407946932,0.9950146528571011,REG,OK,False,ML Test · Phone-safe
air_stairway_0_1_2_150_mls.wav,4000.0,8000.0,,4k–8k,0.8510911671525014,0.9970728558762765,REG,OK,False,ML Test · Phone-safe
air_stairway_0_1_2_15_mls.wav,125.0,250.0,,125–250,1.1429071904388814,0.9956904175703022,REG,OK,False,ML Test · Phone-safe
air_stairway_0_1_2_15_mls.wav,250.0,500.0,,250–500,1.2734292270577254,0.9946687049218242,REG,OK,False,ML Test · Phone-safe
air_stairway_0_1_2_15_mls.wav,500.0,2000.0,,500–2k,1.157196944088566,0.9817911797800365,REG,OK,False,ML Test · Phone-safe
air_stairway_0_1_2_15_mls.wav,2000.0,4000.0,,2k–4k,0.9754191585302432,0.9957425543650608,REG,OK,False,ML Test · Phone-safe
air_stairway_0_1_2_15_mls.wav,4000.0,8000.0,,4k–8k,0.9041564369254717,0.9961636329727911,REG,OK,False,ML Test · Phone-safe
air_stairway_0_1_2_165_mls.wav,125.0,250.0,,125–250,1.2008842921007883,0.9840932847920818,REG,OK,False,ML Test · Phone-safe
air_stairway_0_1_2_165_mls.wav,250.0,500.0,,250–500,1.1580867888309683,0.9919278476215222,REG,OK,False,ML Test · Phone-safe
air_stairway_0_1_2_165_mls.wav,500.0,2000.0,,500–2k,1.0286984721357548,0.98387583191122,REG,OK,False,ML Test · Phone-safe
air_stairway_0_1_2_165_mls.wav,2000.0,4000.0,,2k–4k,0.8921394823566557,0.995997886671655,REG,OK,False,ML Test · Phone-safe
air_stairway_0_1_2_165_mls.wav,4000.0,8000.0,,4k–8k,0.8688298266056943,0.9983134593272441,REG,OK,False,ML Test · Phone-safe
air_stairway_0_1_2_180_mls.wav,125.0,250.0,,125–250,1.136683310443864,0.9878233228177217,REG,OK,False,ML Test · Phone-safe
air_stairway_0_1_2_180_mls.wav,250.0,500.0,,250–500,1.2095495720357796,0.9803652080041462,REG,OK,False,ML Test · Phone-safe
air_stairway_0_1_2_180_mls.wav,500.0,2000.0,,500–2k,1.0028970108984179,0.9865758356101414,REG,OK,False,ML Test · Phone-safe
air_stairway_0_1_2_180_mls.wav,2000.0,4000.0,,2k–4k,0.9197107470340371,0.9934275889568297,REG,OK,False,ML Test · Phone-safe
air_stairway_0_1_2_180_mls.wav,4000.0,8000.0,,4k–8k,0.8519852775596158,0.9976292964964346,REG,OK,False,ML Test · Phone-safe
air_stairway_0_1_2_30_mls.wav,125.0,250.0,,125–250,1.1051751502299743,0.9912420541930924,REG,OK,False,ML Test · Phone-safe
air_stairway_0_1_2_30_mls.wav,250.0,500.0,,250–500,1.210550072553853,0.9933248017674676,REG,OK,False,ML Test · Phone-safe
air_stairway_0_1_2_30_mls.wav,500.0,2000.0,,500–2k,1.1815232676248952,0.987044131944049,REG,OK,False,ML Test · Phone-safe
air_stairway_0_1_2_30_mls.wav,2000.0,4000.0,,2k–4k,0.9924264592257316,0.9938993304463445,REG,OK,False,ML Test · Phone-safe
air_stairway_0_1_2_30_mls.wav,4000.0,8000.0,,4k–8k,0.8824910484929256,0.9975705260616806,REG,OK,False,ML Test · Phone-safe
air_stairway_0_1_2_45_mls.wav,125.0,250.0,,125–250,1.1853683599210185,0.9951000399894868,REG,OK,False,ML Test · Phone-safe
air_stairway_0_1_2_45_mls.wav,250.0,500.0,,250–500,1.2950875,0.9851378933797387,REG,OK,True,ML Test · Phone-safe
air_stairway_0_1_2_45_mls.wav,500.0,2000.0,,500–2k,1.1492816632208471,0.9900346395521401,REG,OK,False,ML Test · Phone-safe
air_stairway_0_1_2_45_mls.wav,2000.0,4000.0,,2k–4k,1.0379407741655684,0.9938581745197643,REG,OK,False,ML Test · Phone-safe
air_stairway_0_1_2_45_mls.wav,4000.0,8000.0,,4k–8k,0.880478236196537,0.9981324453063698,REG,OK,False,ML Test · Phone-safe
air_stairway_0_1_2_60_mls.wav,125.0,250.0,,125–250,1.1122901792718891,0.9875780541181427,REG,OK,False,ML Test · Phone-safe
air_stairway_0_1_2_60_mls.wav,250.0,500.0,,250–500,1.2951072916666666,0.9907968460270667,REG,OK,True,ML Test · Phone-safe
air_stairway_0_1_2_60_mls.wav,500.0,2000.0,,500–2k,1.1172916424877974,0.9919851763681006,REG,OK,False,ML Test · Phone-safe
air_stairway_0_1_2_60_mls.wav,2000.0,4000.0,,2k–4k,1.0040670484362342,0.9946818760682664,REG,OK,False,ML Test · Phone-safe
air_stairway_0_1_2_60_mls.wav,4000.0,8000.0,,4k–8k,0.8789126662253007,0.9984309846817209,REG,OK,False,ML Test · Phone-safe
air_stairway_0_1_2_75_mls.wav,125.0,250.0,,125–250,1.0297043574038942,0.9925981064161801,REG,OK,False,ML Test · Phone-safe
air_stairway_0_1_2_75_mls.wav,250.0,500.0,,250–500,1.2741731065600868,0.9920168130138417,REG,OK,False,ML Test · Phone-safe
air_stairway_0_1_2_75_mls.wav,500.0,2000.0,,500–2k,1.1244406829946627,0.9858541428944024,REG,OK,False,ML Test · Phone-safe
air_stairway_0_1_2_75_mls.wav,2000.0,4000.0,,2k–4k,0.9830249614172959,0.9953038480298324,REG,OK,False,ML Test · Phone-safe
air_stairway_0_1_2_75_mls.wav,4000.0,8000.0,,4k–8k,0.8514000753290272,0.9964021565495604,REG,OK,False,ML Test · Phone-safe
air_stairway_0_1_2_90_mls.wav,125.0,250.0,,125–250,1.0728840657567345,0.9908308559051465,REG,OK,False,ML Test · Phone-safe
air_stairway_0_1_2_90_mls.wav,250.0,500.0,,250–500,1.2954635416666664,0.9856570037113603,REG,OK,True,ML Test · Phone-safe
air_stairway_0_1_2_90_mls.wav,500.0,2000.0,,500–2k,1.0698305339825598,0.9859183592355664,REG,OK,False,ML Test · Phone-safe
air_stairway_0_1_2_90_mls.wav,2000.0,4000.0,,2k–4k,0.9501975773172663,0.9971101153240999,REG,OK,False,ML Test · Phone-safe
air_stairway_0_1_2_90_mls.wav,4000.0,8000.0,,4k–8k,0.8085894297995585,0.9965399180333946,REG,OK,False,ML Test · Phone-safe
air_stairway_0_1_3_0_mls.wav,125.0,250.0,,125–250,1.1831409284558685,0.9877823346993777,REG,OK,False,ML Test · Phone-safe
air_stairway_0_1_3_0_mls.wav,250.0,500.0,,250–500,1.2817083333333332,0.9896040801755084,REG,OK,True,ML Test · Phone-safe
air_stairway_0_1_3_0_mls.wav,500.0,2000.0,,500–2k,1.1418995614676035,0.9853598495590161,REG,OK,False,ML Test · Phone-safe
air_stairway_0_1_3_0_mls.wav,2000.0,4000.0,,2k–4k,1.0210033971799448,0.99419742673707,REG,OK,False,ML Test · Phone-safe
air_stairway_0_1_3_0_mls.wav,4000.0,8000.0,,4k–8k,0.8859579840724705,0.9985303674682977,REG,OK,False,ML Test · Phone-safe
air_stairway_0_1_3_105_mls.wav,125.0,250.0,,125–250,1.1235483609045536,0.9782163975976612,REG,OK,False,ML Test · Phone-safe
air_stairway_0_1_3_105_mls.wav,250.0,500.0,,250–500,1.2926927083333333,0.9655143942344284,REG,OK,True,ML Test · Phone-safe
air_stairway_0_1_3_105_mls.wav,500.0,2000.0,,500–2k,1.1295311334747764,0.9881370825088613,REG,OK,False,ML Test · Phone-safe
air_stairway_0_1_3_105_mls.wav,2000.0,4000.0,,2k–4k,0.9662264264789029,0.9969519213536532,REG,OK,False,ML Test · Phone-safe
air_stairway_0_1_3_105_mls.wav,4000.0,8000.0,,4k–8k,0.844986689813669,0.9976518320140271,REG,OK,False,ML Test · Phone-safe
air_stairway_0_1_3_120_mls.wav,125.0,250.0,,125–250,1.2229391790785684,0.9860999863579712,REG,OK,False,ML Test · Phone-safe
air_stairway_0_1_3_120_mls.wav,250.0,500.0,,250–500,1.2442327585871733,0.9930464298283099,REG,OK,False,ML Test · Phone-safe
air_stairway_0_1_3_120_mls.wav,500.0,2000.0,,500–2k,1.0786320983847006,0.9886291433712897,REG,OK,False,ML Test · Phone-safe
air_stairway_0_1_3_120_mls.wav,2000.0,4000.0,,2k–4k,0.9569610558630491,0.9968723595471337,REG,OK,False,ML Test · Phone-safe
air_stairway_0_1_3_120_mls.wav,4000.0,8000.0,,4k–8k,0.8239342582048212,0.997509109162836,REG,OK,False,ML Test · Phone-safe
air_stairway_0_1_3_135_mls.wav,125.0,250.0,,125–250,1.2101146182426186,0.9865763016882032,REG,OK,False,ML Test · Phone-safe
air_stairway_0_1_3_135_mls.wav,250.0,500.0,,250–500,1.24112908153932,0.987626016851705,REG,OK,False,ML Test · Phone-safe
air_stairway_0_1_3_135_mls.wav,500.0,2000.0,,500–2k,1.068713897923595,0.986565109590775,REG,OK,False,ML Test · Phone-safe
air_stairway_0_1_3_135_mls.wav,2000.0,4000.0,,2k–4k,0.9587185054686181,0.9963582358254066,REG,OK,False,ML Test · Phone-safe
air_stairway_0_1_3_135_mls.wav,4000.0,8000.0,,4k–8k,0.8229408960898073,0.9949336172851245,REG,OK,False,ML Test · Phone-safe
air_stairway_0_1_3_150_mls.wav,125.0,250.0,,125–250,1.1285198444217999,0.9919707691723781,REG,OK,False,ML Test · Phone-safe
air_stairway_0_1_3_150_mls.wav,250.0,500.0,,250–500,1.2024782532851142,0.9849728958523869,REG,OK,False,ML Test · Phone-safe
air_stairway_0_1_3_150_mls.wav,500.0,2000.0,,500–2k,1.0293838296526285,0.9843270973760866,REG,OK,False,ML Test · Phone-safe
air_stairway_0_1_3_150_mls.wav,2000.0,4000.0,,2k–4k,0.9383697966427512,0.9974556840363915,REG,OK,False,ML Test · Phone-safe
air_stairway_0_1_3_150_mls.wav,4000.0,8000.0,,4k–8k,0.8598926502826298,0.9975909650953152,REG,OK,False,ML Test · Phone-safe
air_stairway_0_1_3_15_mls.wav,125.0,250.0,,125–250,1.2068433862296801,0.9815821020091272,REG,OK,False,ML Test · Phone-safe
air_stairway_0_1_3_15_mls.wav,250.0,500.0,,250–500,1.2921385416666666,0.9876828112404437,REG,OK,True,ML Test · Phone-safe
air_stairway_0_1_3_15_mls.wav,500.0,2000.0,,500–2k,1.1952145777154544,0.9866568527638325,REG,OK,False,ML Test · Phone-safe
air_stairway_0_1_3_15_mls.wav,2000.0,4000.0,,2k–4k,1.0132781853069577,0.9937862742849289,REG,OK,False,ML Test · Phone-safe
air_stairway_0_1_3_15_mls.wav,4000.0,8000.0,,4k–8k,0.9079999443654614,0.9956104710821099,REG,OK,False,ML Test · Phone-safe
air_stairway_0_1_3_165_mls.wav,125.0,250.0,,125–250,1.1728373891024646,0.9912379678739422,REG,OK,False,ML Test · Phone-safe
air_stairway_0_1_3_165_mls.wav,250.0,500.0,,250–500,1.1748914376119426,0.9898481217236377,REG,OK,False,ML Test · Phone-safe
air_stairway_0_1_3_165_mls.wav,500.0,2000.0,,500–2k,1.0366397411559105,0.9926048502827799,REG,OK,False,ML Test · Phone-safe
air_stairway_0_1_3_165_mls.wav,2000.0,4000.0,,2k–4k,0.9417181237339062,0.9963869782438235,REG,OK,False,ML Test · Phone-safe
air_stairway_0_1_3_165_mls.wav,4000.0,8000.0,,4k–8k,0.860626127864393,0.9975523048579481,REG,OK,False,ML Test · Phone-safe
air_stairway_0_1_3_180_mls.wav,125.0,250.0,,125–250,1.1457752417565625,0.9917837831205307,REG,OK,False,ML Test · Phone-safe
air_stairway_0_1_3_180_mls.wav,250.0,500.0,,250–500,1.248999483107296,0.9853623127033795,REG,OK,False,ML Test · Phone-safe
air_stairway_0_1_3_180_mls.wav,500.0,2000.0,,500–2k,1.0480639837154333,0.9895919497521616,REG,OK,False,ML Test · Phone-safe
air_stairway_0_1_3_180_mls.wav,2000.0,4000.0,,2k–4k,0.9546562267832839,0.9930170776364916,REG,OK,False,ML Test · Phone-safe
air_stairway_0_1_3_180_mls.wav,4000.0,8000.0,,4k–8k,0.8724597867546241,0.9971607385764311,REG,OK,False,ML Test · Phone-safe
air_stairway_0_1_3_30_mls.wav,125.0,250.0,,125–250,1.2415114583333333,0.981478768522956,REG,OK,True,ML Test · Phone-safe
air_stairway_0_1_3_30_mls.wav,250.0,500.0,,250–500,1.2922177083333333,0.9929380222248783,REG,OK,True,ML Test · Phone-safe
air_stairway_0_1_3_30_mls.wav,500.0,2000.0,,500–2k,1.162071362434975,0.9868994662294324,REG,OK,False,ML Test · Phone-safe
air_stairway_0_1_3_30_mls.wav,2000.0,4000.0,,2k–4k,1.049161475098346,0.9960285921999372,REG,OK,False,ML Test · Phone-safe
air_stairway_0_1_3_30_mls.wav,4000.0,8000.0,,4k–8k,0.894818450267759,0.9981897080661157,REG,OK,False,ML Test · Phone-safe
air_stairway_0_1_3_45_mls.wav,125.0,250.0,,125–250,1.1568712737431006,0.9897345693609079,REG,OK,False,ML Test · Phone-safe
air_stairway_0_1_3_45_mls.wav,250.0,500.0,,250–500,1.2856721746668354,0.9830108460576685,REG,OK,False,ML Test · Phone-safe
air_stairway_0_1_3_45_mls.wav,500.0,2000.0,,500–2k,1.2301260690679012,0.9800979586259245,REG,OK,False,ML Test · Phone-safe
air_stairway_0_1_3_45_mls.wav,2000.0,4000.0,,2k–4k,1.0175588171536125,0.997158979113574,REG,OK,False,ML Test · Phone-safe
air_stairway_0_1_3_45_mls.wav,4000.0,8000.0,,4k–8k,0.8878307154378059,0.9981110409650455,REG,OK,False,ML Test · Phone-safe
air_stairway_0_1_3_60_mls.wav,125.0,250.0,,125–250,1.2475280447951114,0.9919039674004373,REG,OK,False,ML Test · Phone-safe
air_stairway_0_1_3_60_mls.wav,250.0,500.0,,250–500,1.2923958333333332,0.968484464025774,REG,OK,True,ML Test · Phone-safe
air_stairway_0_1_3_60_mls.wav,500.0,2000.0,,500–2k,1.2405197495774927,0.9853850778857733,REG,OK,False,ML Test · Phone-safe
air_stairway_0_1_3_60_mls.wav,2000.0,4000.0,,2k–4k,1.036516876151253,0.9961384147480186,REG,OK,False,ML Test · Phone-safe
air_stairway_0_1_3_60_mls.wav,4000.0,8000.0,,4k–8k,0.8930471602961321,0.9986831840518916,REG,OK,False,ML Test · Phone-safe
air_stairway_0_1_3_75_mls.wav,125.0,250.0,,125–250,1.2484090857172083,0.978541584315557,REG,OK,False,ML Test · Phone-safe
air_stairway_0_1_3_75_mls.wav,250.0,500.0,,250–500,1.2828912899496538,0.9938302415951564,REG,OK,False,ML Test · Phone-safe
air_stairway_0_1_3_75_mls.wav,500.0,2000.0,,500–2k,1.2224851150284315,0.9867328962303942,REG,OK,False,ML Test · Phone-safe
air_stairway_0_1_3_75_mls.wav,2000.0,4000.0,,2k–4k,1.0270961464579127,0.9961191208583421,REG,OK,False,ML Test · Phone-safe
air_stairway_0_1_3_75_mls.wav,4000.0,8000.0,,4k–8k,0.8899240492430885,0.9976430067899541,REG,OK,False,ML Test · Phone-safe
air_stairway_0_1_3_90_mls.wav,125.0,250.0,,125–250,1.2125868771762758,0.9812777382845366,REG,OK,False,ML Test · Phone-safe
air_stairway_0_1_3_90_mls.wav,250.0,500.0,,250–500,1.2770341548619357,0.9839927666145075,REG,OK,False,ML Test · Phone-safe
air_stairway_0_1_3_90_mls.wav,500.0,2000.0,,500–2k,1.1506247248077885,0.9826789575661256,REG,OK,False,ML Test · Phone-safe
air_stairway_0_1_3_90_mls.wav,2000.0,4000.0,,2k–4k,0.9886806805143818,0.9960983472097954,REG,OK,False,ML Test · Phone-safe
air_stairway_0_1_3_90_mls.wav,4000.0,8000.0,,4k–8k,0.8503111085576094,0.9966196276173582,REG,OK,False,ML Test · Phone-safe
air_stairway_1_1_1_0_mls.wav,125.0,250.0,,125–250,1.052843736173235,0.9845523084612549,REG,OK,False,ML Test · Phone-safe
air_stairway_1_1_1_0_mls.wav,250.0,500.0,,250–500,1.1247772709923263,0.9917877915004576,REG,OK,False,ML Test · Phone-safe
air_stairway_1_1_1_0_mls.wav,500.0,2000.0,,500–2k,0.9436814263883107,0.9835872385703837,REG,OK,False,ML Test · Phone-safe
air_stairway_1_1_1_0_mls.wav,2000.0,4000.0,,2k–4k,0.8826215466067319,0.9887171482340625,REG,OK,False,ML Test · Phone-safe
air_stairway_1_1_1_0_mls.wav,4000.0,8000.0,,4k–8k,0.8674687684016553,0.9975383427177114,REG,OK,False,ML Test · Phone-safe
air_stairway_1_1_1_105_mls.wav,125.0,250.0,,125–250,1.0123941290474137,0.9758713316263541,REG,OK,False,ML Test · Phone-safe
air_stairway_1_1_1_105_mls.wav,250.0,500.0,,250–500,1.2099150591793453,0.9838817476450425,REG,OK,False,ML Test · Phone-safe
air_stairway_1_1_1_105_mls.wav,500.0,2000.0,,500–2k,1.1001176715104712,0.9831818514311755,REG,OK,False,ML Test · Phone-safe
air_stairway_1_1_1_105_mls.wav,2000.0,4000.0,,2k–4k,1.0016308772700935,0.9954532475364195,REG,OK,False,ML Test · Phone-safe
air_stairway_1_1_1_105_mls.wav,4000.0,8000.0,,4k–8k,0.8566313318281651,0.9979026281891812,REG,OK,False,ML Test · Phone-safe
air_stairway_1_1_1_120_mls.wav,125.0,250.0,,125–250,0.982431145961845,0.9823466514192695,REG,OK,False,ML Test · Phone-safe
air_stairway_1_1_1_120_mls.wav,250.0,500.0,,250–500,1.1556401991574503,0.9821125880503653,REG,OK,False,ML Test · Phone-safe
air_stairway_1_1_1_120_mls.wav,500.0,2000.0,,500–2k,1.0885576642467085,0.9888490767639558,REG,OK,False,ML Test · Phone-safe
air_stairway_1_1_1_120_mls.wav,2000.0,4000.0,,2k–4k,0.994866330487119,0.9972861083506146,REG,OK,False,ML Test · Phone-safe
air_stairway_1_1_1_120_mls.wav,4000.0,8000.0,,4k–8k,0.8908081136416373,0.9976379239444619,REG,OK,False,ML Test · Phone-safe
air_stairway_1_1_1_135_mls.wav,125.0,250.0,,125–250,1.0035186939137841,0.9866335116695033,REG,OK,False,ML Test · Phone-safe
air_stairway_1_1_1_135_mls.wav,250.0,500.0,,250–500,1.1245807245614223,0.9918542453252076,REG,OK,False,ML Test · Phone-safe
air_stairway_1_1_1_135_mls.wav,500.0,2000.0,,500–2k,1.155200281247135,0.9890881984015509,REG,OK,False,ML Test · Phone-safe
air_stairway_1_1_1_135_mls.wav,2000.0,4000.0,,2k–4k,1.0212538028353184,0.9959361611106408,REG,OK,False,ML Test · Phone-safe
air_stairway_1_1_1_135_mls.wav,4000.0,8000.0,,4k–8k,0.8846343289377916,0.9986856664483164,REG,OK,False,ML Test · Phone-safe
air_stairway_1_1_1_150_mls.wav,125.0,250.0,,125–250,1.1147531842806382,0.9804016963162856,REG,OK,False,ML Test · Phone-safe
air_stairway_1_1_1_150_mls.wav,250.0,500.0,,250–500,1.1358934429737726,0.9762333760777664,REG,OK,False,ML Test · Phone-safe
air_stairway_1_1_1_150_mls.wav,500.0,2000.0,,500–2k,1.1703622726831213,0.982785375978934,REG,OK,False,ML Test · Phone-safe
air_stairway_1_1_1_150_mls.wav,2000.0,4000.0,,2k–4k,1.0534612165841368,0.9939601729249311,REG,OK,False,ML Test · Phone-safe
air_stairway_1_1_1_150_mls.wav,4000.0,8000.0,,4k–8k,0.8898766443662834,0.997187373442458,REG,OK,False,ML Test · Phone-safe
air_stairway_1_1_1_15_mls.wav,125.0,250.0,,125–250,1.0088142277451553,0.9882042895944236,REG,OK,False,ML Test · Phone-safe
air_stairway_1_1_1_15_mls.wav,250.0,500.0,,250–500,1.1792749443189965,0.9853268866982459,REG,OK,False,ML Test · Phone-safe
air_stairway_1_1_1_15_mls.wav,500.0,2000.0,,500–2k,0.9965128864981272,0.9866981950717361,REG,OK,False,ML Test · Phone-safe
air_stairway_1_1_1_15_mls.wav,2000.0,4000.0,,2k–4k,0.9344671763691439,0.9951690637185466,REG,OK,False,ML Test · Phone-safe
air_stairway_1_1_1_15_mls.wav,4000.0,8000.0,,4k–8k,0.8804919546264546,0.9979941794223914,REG,OK,False,ML Test · Phone-safe
air_stairway_1_1_1_165_mls.wav,125.0,250.0,,125–250,1.0730006836423371,0.9828582655283168,REG,OK,False,ML Test · Phone-safe
air_stairway_1_1_1_165_mls.wav,250.0,500.0,,250–500,1.161934164004443,0.9824350718846157,REG,OK,False,ML Test · Phone-safe
air_stairway_1_1_1_165_mls.wav,500.0,2000.0,,500–2k,1.1093629018022382,0.9854692197073653,REG,OK,False,ML Test · Phone-safe
air_stairway_1_1_1_165_mls.wav,2000.0,4000.0,,2k–4k,1.0150415175115743,0.9950709002483087,REG,OK,False,ML Test · Phone-safe
air_stairway_1_1_1_165_mls.wav,4000.0,8000.0,,4k–8k,0.9231463643101804,0.9983276344115671,REG,OK,False,ML Test · Phone-safe
air_stairway_1_1_1_180_mls.wav,125.0,250.0,,125–250,1.0839324651498088,0.986563347780286,REG,OK,False,ML Test · Phone-safe
air_stairway_1_1_1_180_mls.wav,250.0,500.0,,250–500,1.1822595822535136,0.9895788802345982,REG,OK,False,ML Test · Phone-safe
air_stairway_1_1_1_180_mls.wav,500.0,2000.0,,500–2k,1.1485158752332216,0.9829435690570931,REG,OK,False,ML Test · Phone-safe
air_stairway_1_1_1_180_mls.wav,2000.0,4000.0,,2k–4k,1.006580394078834,0.9956464973192375,REG,OK,False,ML Test · Phone-safe
air_stairway_1_1_1_180_mls.wav,4000.0,8000.0,,4k–8k,0.9098013862098014,0.9980369586762725,REG,OK,False,ML Test · Phone-safe
air_stairway_1_1_1_30_mls.wav,125.0,250.0,,125–250,1.030805867554083,0.9875914912784913,REG,OK,False,ML Test · Phone-safe
air_stairway_1_1_1_30_mls.wav,250.0,500.0,,250–500,1.2599752173461058,0.9926670507563768,REG,OK,False,ML Test · Phone-safe
air_stairway_1_1_1_30_mls.wav,500.0,2000.0,,500–2k,1.0005533227559096,0.9874563260619713,REG,OK,False,ML Test · Phone-safe
air_stairway_1_1_1_30_mls.wav,2000.0,4000.0,,2k–4k,0.906948587763744,0.9956568267896927,REG,OK,False,ML Test · Phone-safe
air_stairway_1_1_1_30_mls.wav,4000.0,8000.0,,4k–8k,0.8765440906478793,0.9955269483007343,REG,OK,False,ML Test · Phone-safe
air_stairway_1_1_1_45_mls.wav,125.0,250.0,,125–250,1.0184143693834822,0.9816642076070141,REG,OK,False,ML Test · Phone-safe
air_stairway_1_1_1_45_mls.wav,250.0,500.0,,250–500,1.1479205324087913,0.9769194085576887,REG,OK,False,ML Test · Phone-safe
air_stairway_1_1_1_45_mls.wav,500.0,2000.0,,500–2k,0.9865098106415171,0.9883427973192571,REG,OK,False,ML Test · Phone-safe
air_stairway_1_1_1_45_mls.wav,2000.0,4000.0,,2k–4k,0.9435784637543471,0.9947127090370543,REG,OK,False,ML Test · Phone-safe
air_stairway_1_1_1_45_mls.wav,4000.0,8000.0,,4k–8k,0.8474111068452533,0.9950306126831702,REG,OK,False,ML Test · Phone-safe
air_stairway_1_1_1_60_mls.wav,125.0,250.0,,125–250,0.9824645909989173,0.9730265426304446,REG,OK,False,ML Test · Phone-safe
air_stairway_1_1_1_60_mls.wav,250.0,500.0,,250–500,1.1285093782231161,0.984828621488664,REG,OK,False,ML Test · Phone-safe
air_stairway_1_1_1_60_mls.wav,500.0,2000.0,,500–2k,0.9836702335986615,0.989844823220579,REG,OK,False,ML Test · Phone-safe
air_stairway_1_1_1_60_mls.wav,2000.0,4000.0,,2k–4k,0.9704715939157633,0.9975241387563436,REG,OK,False,ML Test · Phone-safe
air_stairway_1_1_1_60_mls.wav,4000.0,8000.0,,4k–8k,0.851167423761023,0.9982474597795543,REG,OK,False,ML Test · Phone-safe
air_stairway_1_1_1_75_mls.wav,125.0,250.0,,125–250,1.014883144383909,0.9746217221463597,REG,OK,False,ML Test · Phone-safe
air_stairway_1_1_1_75_mls.wav,250.0,500.0,,250–500,1.10054900188741,0.9847119165964588,REG,OK,False,ML Test · Phone-safe
air_stairway_1_1_1_75_mls.wav,500.0,2000.0,,500–2k,1.0506347669807532,0.991342972832391,REG,OK,False,ML Test · Phone-safe
air_stairway_1_1_1_75_mls.wav,2000.0,4000.0,,2k–4k,0.9709603872752199,0.996918924295322,REG,OK,False,ML Test · Phone-safe
air_stairway_1_1_1_75_mls.wav,4000.0,8000.0,,4k–8k,0.8693080123525769,0.9986421583543605,REG,OK,False,ML Test · Phone-safe
air_stairway_1_1_1_90_mls.wav,125.0,250.0,,125–250,1.1136305162874032,0.9695306342572884,REG,OK,False,ML Test · Phone-safe
air_stairway_1_1_1_90_mls.wav,250.0,500.0,,250–500,1.1754693190621546,0.973840644420307,REG,OK,False,ML Test · Phone-safe
air_stairway_1_1_1_90_mls.wav,500.0,2000.0,,500–2k,1.0479043612332022,0.9889618033242484,REG,OK,False,ML Test · Phone-safe
air_stairway_1_1_1_90_mls.wav,2000.0,4000.0,,2k–4k,0.968793671355362,0.9962309176308249,REG,OK,False,ML Test · Phone-safe
air_stairway_1_1_1_90_mls.wav,4000.0,8000.0,,4k–8k,0.8405413569806716,0.9979432487249119,REG,OK,False,ML Test · Phone-safe
air_stairway_1_1_2_0_mls.wav,125.0,250.0,,125–250,1.1595510027318026,0.9947699020901487,REG,OK,False,ML Test · Phone-safe
air_stairway_1_1_2_0_mls.wav,250.0,500.0,,250–500,1.1010304017388102,0.9925385838697149,REG,OK,False,ML Test · Phone-safe
air_stairway_1_1_2_0_mls.wav,500.0,2000.0,,500–2k,1.0529013092833253,0.9927094262843176,REG,OK,False,ML Test · Phone-safe
air_stairway_1_1_2_0_mls.wav,2000.0,4000.0,,2k–4k,0.9648872160744714,0.9946549117636536,REG,OK,False,ML Test · Phone-safe
air_stairway_1_1_2_0_mls.wav,4000.0,8000.0,,4k–8k,0.8861744193250571,0.9990674471772888,REG,OK,False,ML Test · Phone-safe
air_stairway_1_1_2_105_mls.wav,125.0,250.0,,125–250,1.0463420683733893,0.9933180150895788,REG,OK,False,ML Test · Phone-safe
air_stairway_1_1_2_105_mls.wav,250.0,500.0,,250–500,1.2403884685144562,0.9844568475162709,REG,OK,False,ML Test · Phone-safe
air_stairway_1_1_2_105_mls.wav,500.0,2000.0,,500–2k,1.180935099669597,0.9877061976637372,REG,OK,False,ML Test · Phone-safe
air_stairway_1_1_2_105_mls.wav,2000.0,4000.0,,2k–4k,1.0389939025984185,0.997168631788685,REG,OK,False,ML Test · Phone-safe
air_stairway_1_1_2_105_mls.wav,4000.0,8000.0,,4k–8k,0.8795775993541316,0.9949236690154296,REG,OK,False,ML Test · Phone-safe
air_stairway_1_1_2_120_mls.wav,125.0,250.0,,125–250,1.0239062022468128,0.9852528234059587,REG,OK,False,ML Test · Phone-safe
air_stairway_1_1_2_120_mls.wav,250.0,500.0,,250–500,1.2898069368970937,0.9891600465914507,REG,OK,False,ML Test · Phone-safe
air_stairway_1_1_2_120_mls.wav,500.0,2000.0,,500–2k,1.2248532129435572,0.9868656870011894,REG,OK,False,ML Test · Phone-safe
air_stairway_1_1_2_120_mls.wav,2000.0,4000.0,,2k–4k,1.0798193738072082,0.9950850654219291,REG,OK,False,ML Test · Phone-safe
air_stairway_1_1_2_120_mls.wav,4000.0,8000.0,,4k–8k,0.9109312064672781,0.9978934559478672,REG,OK,False,ML Test · Phone-safe
air_stairway_1_1_2_135_mls.wav,125.0,250.0,,125–250,1.0201046553943176,0.9822463983146259,REG,OK,False,ML Test · Phone-safe
air_stairway_1_1_2_135_mls.wav,250.0,500.0,,250–500,1.2950875,0.9836313832959536,REG,OK,True,ML Test · Phone-safe
air_stairway_1_1_2_135_mls.wav,500.0,2000.0,,500–2k,1.2250799802673096,0.9812279801911576,REG,OK,False,ML Test · Phone-safe
air_stairway_1_1_2_135_mls.wav,2000.0,4000.0,,2k–4k,1.0655592818930941,0.9926121184225732,REG,OK,False,ML Test · Phone-safe
air_stairway_1_1_2_135_mls.wav,4000.0,8000.0,,4k–8k,0.910511428767464,0.995998794337711,REG,OK,False,ML Test · Phone-safe
air_stairway_1_1_2_150_mls.wav,125.0,250.0,,125–250,1.112181535140281,0.9848653529373607,REG,OK,False,ML Test · Phone-safe
air_stairway_1_1_2_150_mls.wav,250.0,500.0,,250–500,1.2111906605710059,0.9906036886949442,REG,OK,False,ML Test · Phone-safe
air_stairway_1_1_2_150_mls.wav,500.0,2000.0,,500–2k,1.205581028360074,0.9844987565514411,REG,OK,False,ML Test · Phone-safe
air_stairway_1_1_2_150_mls.wav,2000.0,4000.0,,2k–4k,1.08463751319456,0.9923223435383243,REG,OK,False,ML Test · Phone-safe
air_stairway_1_1_2_150_mls.wav,4000.0,8000.0,,4k–8k,0.9331424499354809,0.9961560699676786,REG,OK,False,ML Test · Phone-safe
air_stairway_1_1_2_15_mls.wav,125.0,250.0,,125–250,1.1025282391250144,0.9909245313688174,REG,OK,False,ML Test · Phone-safe
air_stairway_1_1_2_15_mls.wav,250.0,500.0,,250–500,1.2449616117712203,0.9930405590731434,REG,OK,False,ML Test · Phone-safe
air_stairway_1_1_2_15_mls.wav,500.0,2000.0,,500–2k,1.1108331283351447,0.9855726123140017,REG,OK,False,ML Test · Phone-safe
air_stairway_1_1_2_15_mls.wav,2000.0,4000.0,,2k–4k,0.9368627802470788,0.9983607519098318,REG,OK,False,ML Test · Phone-safe
air_stairway_1_1_2_15_mls.wav,4000.0,8000.0,,4k–8k,0.8665838416659722,0.997296520950799,REG,OK,False,ML Test · Phone-safe
air_stairway_1_1_2_165_mls.wav,125.0,250.0,,125–250,1.1743467532272032,0.9880771937117494,REG,OK,False,ML Test · Phone-safe
air_stairway_1_1_2_165_mls.wav,250.0,500.0,,250–500,1.2210911792443873,0.9897381843437947,REG,OK,False,ML Test · Phone-safe
air_stairway_1_1_2_165_mls.wav,500.0,2000.0,,500–2k,1.192050876300179,0.9836886650070792,REG,OK,False,ML Test · Phone-safe
air_stairway_1_1_2_165_mls.wav,2000.0,4000.0,,2k–4k,1.044551425941549,0.9908508173970652,REG,OK,False,ML Test · Phone-safe
air_stairway_1_1_2_165_mls.wav,4000.0,8000.0,,4k–8k,0.9121422026465701,0.9986421118513295,REG,OK,False,ML Test · Phone-safe
air_stairway_1_1_2_180_mls.wav,125.0,250.0,,125–250,1.1742835033288572,0.9873970222335939,REG,OK,False,ML Test · Phone-safe
air_stairway_1_1_2_180_mls.wav,250.0,500.0,,250–500,1.1922963268181124,0.992180903281439,REG,OK,False,ML Test · Phone-safe
air_stairway_1_1_2_180_mls.wav,500.0,2000.0,,500–2k,1.1990688583057074,0.9866770362470009,REG,OK,False,ML Test · Phone-safe
air_stairway_1_1_2_180_mls.wav,2000.0,4000.0,,2k–4k,1.0253511131830157,0.9938311494275437,REG,OK,False,ML Test · Phone-safe
air_stairway_1_1_2_180_mls.wav,4000.0,8000.0,,4k–8k,0.9075090343067058,0.9976432934863522,REG,OK,False,ML Test · Phone-safe
air_stairway_1_1_2_30_mls.wav,125.0,250.0,,125–250,1.073612259922443,0.9852865675617182,REG,OK,False,ML Test · Phone-safe
air_stairway_1_1_2_30_mls.wav,250.0,500.0,,250–500,1.2137474094305705,0.9913181008314493,REG,OK,False,ML Test · Phone-safe
air_stairway_1_1_2_30_mls.wav,500.0,2000.0,,500–2k,1.0802555394358537,0.9870594166793973,REG,OK,False,ML Test · Phone-safe
air_stairway_1_1_2_30_mls.wav,2000.0,4000.0,,2k–4k,0.949708581005986,0.997862242178768,REG,OK,False,ML Test · Phone-safe
air_stairway_1_1_2_30_mls.wav,4000.0,8000.0,,4k–8k,0.8601916438853102,0.9986823060744234,REG,OK,False,ML Test · Phone-safe
air_stairway_1_1_2_45_mls.wav,125.0,250.0,,125–250,1.129610897454941,0.9901147132428348,REG,OK,False,ML Test · Phone-safe
air_stairway_1_1_2_45_mls.wav,250.0,500.0,,250–500,1.2955822916666666,0.9791760161779293,REG,OK,True,ML Test · Phone-safe
air_stairway_1_1_2_45_mls.wav,500.0,2000.0,,500–2k,1.0947892737833014,0.9851300927059656,REG,OK,False,ML Test · Phone-safe
air_stairway_1_1_2_45_mls.wav,2000.0,4000.0,,2k–4k,0.9686431920497387,0.9946127873568698,REG,OK,False,ML Test · Phone-safe
air_stairway_1_1_2_45_mls.wav,4000.0,8000.0,,4k–8k,0.8439273902493833,0.9977504544419491,REG,OK,False,ML Test · Phone-safe
air_stairway_1_1_2_60_mls.wav,125.0,250.0,,125–250,1.0770265352508384,0.9853734224085974,REG,OK,False,ML Test · Phone-safe
air_stairway_1_1_2_60_mls.wav,250.0,500.0,,250–500,1.2361984762320426,0.9949362209418219,REG,OK,False,ML Test · Phone-safe
air_stairway_1_1_2_60_mls.wav,500.0,2000.0,,500–2k,1.1289014327296385,0.9899821900704747,REG,OK,False,ML Test · Phone-safe
air_stairway_1_1_2_60_mls.wav,2000.0,4000.0,,2k–4k,1.0086157264561817,0.9948690769872168,REG,OK,False,ML Test · Phone-safe
air_stairway_1_1_2_60_mls.wav,4000.0,8000.0,,4k–8k,0.8655675577334973,0.9982180597745515,REG,OK,False,ML Test · Phone-safe
air_stairway_1_1_2_75_mls.wav,125.0,250.0,,125–250,1.0903473377290207,0.9939405329702841,REG,OK,False,ML Test · Phone-safe
air_stairway_1_1_2_75_mls.wav,250.0,500.0,,250–500,1.2846785432778334,0.9930214426106966,REG,OK,False,ML Test · Phone-safe
air_stairway_1_1_2_75_mls.wav,500.0,2000.0,,500–2k,1.1520530624083052,0.9831693237880714,REG,OK,False,ML Test · Phone-safe
air_stairway_1_1_2_75_mls.wav,2000.0,4000.0,,2k–4k,1.0409612570122404,0.99718158548048,REG,OK,False,ML Test · Phone-safe
air_stairway_1_1_2_75_mls.wav,4000.0,8000.0,,4k–8k,0.8560192057236685,0.9982354708970934,REG,OK,False,ML Test · Phone-safe
air_stairway_1_1_2_90_mls.wav,125.0,250.0,,125–250,1.1334702591930768,0.9880860810950028,REG,OK,False,ML Test · Phone-safe
air_stairway_1_1_2_90_mls.wav,250.0,500.0,,250–500,1.29544375,0.9856473375227282,REG,OK,True,ML Test · Phone-safe
air_stairway_1_1_2_90_mls.wav,500.0,2000.0,,500–2k,1.1859018253721743,0.9816397154402383,REG,OK,False,ML Test · Phone-safe
air_stairway_1_1_2_90_mls.wav,2000.0,4000.0,,2k–4k,1.0398361634717492,0.9942330547038881,REG,OK,False,ML Test · Phone-safe
air_stairway_1_1_2_90_mls.wav,4000.0,8000.0,,4k–8k,0.8616782046522973,0.9983995937028944,REG,OK,False,ML Test · Phone-safe
air_stairway_1_1_3_0_mls.wav,125.0,250.0,,125–250,1.1634788301801244,0.9849837823103086,REG,OK,False,ML Test · Phone-safe
air_stairway_1_1_3_0_mls.wav,250.0,500.0,,250–500,1.2497802162234268,0.9839055995885098,REG,OK,False,ML Test · Phone-safe
air_stairway_1_1_3_0_mls.wav,500.0,2000.0,,500–2k,1.1463447306969303,0.9831276373637536,REG,OK,False,ML Test · Phone-safe
air_stairway_1_1_3_0_mls.wav,2000.0,4000.0,,2k–4k,1.0002298395149671,0.996294321044596,REG,OK,False,ML Test · Phone-safe
air_stairway_1_1_3_0_mls.wav,4000.0,8000.0,,4k–8k,0.9034160895366656,0.9981434883010533,REG,OK,False,ML Test · Phone-safe
air_stairway_1_1_3_105_mls.wav,125.0,250.0,,125–250,1.0872579978140589,0.9844571827936097,REG,OK,False,ML Test · Phone-safe
air_stairway_1_1_3_105_mls.wav,250.0,500.0,,250–500,1.2267121327908477,0.9864443151703506,REG,OK,False,ML Test · Phone-safe
air_stairway_1_1_3_105_mls.wav,500.0,2000.0,,500–2k,1.213404679324639,0.9832246720393218,REG,OK,False,ML Test · Phone-safe
air_stairway_1_1_3_105_mls.wav,2000.0,4000.0,,2k–4k,1.0554315118182154,0.9963013042705176,REG,OK,False,ML Test · Phone-safe
air_stairway_1_1_3_105_mls.wav,4000.0,8000.0,,4k–8k,0.8854010965223222,0.9973527109839283,REG,OK,False,ML Test · Phone-safe
air_stairway_1_1_3_120_mls.wav,125.0,250.0,,125–250,1.1191447775786438,0.9702160216850833,REG,OK,False,ML Test · Phone-safe
air_stairway_1_1_3_120_mls.wav,250.0,500.0,,250–500,1.1710332348650148,0.9859567509348226,REG,OK,False,ML Test · Phone-safe
air_stairway_1_1_3_120_mls.wav,500.0,2000.0,,500–2k,1.1880817792068339,0.9887799016785326,REG,OK,False,ML Test · Phone-safe
air_stairway_1_1_3_120_mls.wav,2000.0,4000.0,,2k–4k,1.0337985322612517,0.9957607248101085,REG,OK,False,ML Test · Phone-safe
air_stairway_1_1_3_120_mls.wav,4000.0,8000.0,,4k–8k,0.873692679677879,0.9976947681823917,REG,OK,False,ML Test · Phone-safe
air_stairway_1_1_3_135_mls.wav,125.0,250.0,,125–250,1.052802410060852,0.9847939936208523,REG,OK,False,ML Test · Phone-safe
air_stairway_1_1_3_135_mls.wav,250.0,500.0,,250–500,1.1737902889062006,0.9930858396520833,REG,OK,False,ML Test · Phone-safe
air_stairway_1_1_3_135_mls.wav,500.0,2000.0,,500–2k,1.2077751702733466,0.9848414760171247,REG,OK,False,ML Test · Phone-safe
air_stairway_1_1_3_135_mls.wav,2000.0,4000.0,,2k–4k,1.0991618112225001,0.9955148384544594,REG,OK,False,ML Test · Phone-safe
air_stairway_1_1_3_135_mls.wav,4000.0,8000.0,,4k–8k,0.9194549443960971,0.9976989458860487,REG,OK,False,ML Test · Phone-safe
air_stairway_1_1_3_150_mls.wav,125.0,250.0,,125–250,1.06718793879407,0.987790753772258,REG,OK,False,ML Test · Phone-safe
air_stairway_1_1_3_150_mls.wav,250.0,500.0,,250–500,1.238218316312732,0.9879443822225832,REG,OK,False,ML Test · Phone-safe
air_stairway_1_1_3_150_mls.wav,500.0,2000.0,,500–2k,1.1882099811238496,0.9882434247715229,REG,OK,False,ML Test · Phone-safe
air_stairway_1_1_3_150_mls.wav,2000.0,4000.0,,2k–4k,1.1320601605492593,0.9914969702214304,REG,OK,False,ML Test · Phone-safe
air_stairway_1_1_3_150_mls.wav,4000.0,8000.0,,4k–8k,0.9131574547320536,0.9967727104924334,REG,OK,False,ML Test · Phone-safe
air_stairway_1_1_3_15_mls.wav,125.0,250.0,,125–250,1.2113767030276317,0.9857774230378441,REG,OK,False,ML Test · Phone-safe
air_stairway_1_1_3_15_mls.wav,250.0,500.0,,250–500,1.2540411809849155,0.9793299591226472,REG,OK,False,ML Test · Phone-safe
air_stairway_1_1_3_15_mls.wav,500.0,2000.0,,500–2k,1.1460189055044707,0.9879624765683536,REG,OK,False,ML Test · Phone-safe
air_stairway_1_1_3_15_mls.wav,2000.0,4000.0,,2k–4k,0.9614376827652036,0.996344912610252,REG,OK,False,ML Test · Phone-safe
air_stairway_1_1_3_15_mls.wav,4000.0,8000.0,,4k–8k,0.8768743121714838,0.9974895491633116,REG,OK,False,ML Test · Phone-safe
air_stairway_1_1_3_165_mls.wav,125.0,250.0,,125–250,1.2183624858195576,0.9884035614789985,REG,OK,False,ML Test · Phone-safe
air_stairway_1_1_3_165_mls.wav,250.0,500.0,,250–500,1.2817677083333332,0.9731543859369914,REG,OK,True,ML Test · Phone-safe
air_stairway_1_1_3_165_mls.wav,500.0,2000.0,,500–2k,1.2201574834805702,0.9805054673614111,REG,OK,False,ML Test · Phone-safe
air_stairway_1_1_3_165_mls.wav,2000.0,4000.0,,2k–4k,1.1049615484658595,0.9909238329407117,REG,OK,False,ML Test · Phone-safe
air_stairway_1_1_3_165_mls.wav,4000.0,8000.0,,4k–8k,0.9244555454887099,0.9990747533850384,REG,OK,False,ML Test · Phone-safe
air_stairway_1_1_3_180_mls.wav,125.0,250.0,,125–250,1.1624045726801913,0.9932193304931449,REG,OK,False,ML Test · Phone-safe
air_stairway_1_1_3_180_mls.wav,250.0,500.0,,250–500,1.2435450455047978,0.9871470122919574,REG,OK,False,ML Test · Phone-safe
air_stairway_1_1_3_180_mls.wav,500.0,2000.0,,500–2k,1.175443133040179,0.9865122187646623,REG,OK,False,ML Test · Phone-safe
air_stairway_1_1_3_180_mls.wav,2000.0,4000.0,,2k–4k,1.0606020327368777,0.989158816894194,REG,OK,False,ML Test · Phone-safe
air_stairway_1_1_3_180_mls.wav,4000.0,8000.0,,4k–8k,0.9243669356184715,0.9980859133327361,REG,OK,False,ML Test · Phone-safe
air_stairway_1_1_3_30_mls.wav,125.0,250.0,,125–250,1.2880976832230848,0.9897360503137077,REG,OK,False,ML Test · Phone-safe
air_stairway_1_1_3_30_mls.wav,250.0,500.0,,250–500,1.2929104166666665,0.9802526887990481,REG,OK,True,ML Test · Phone-safe
air_stairway_1_1_3_30_mls.wav,500.0,2000.0,,500–2k,1.1652456539249245,0.9818780332888377,REG,OK,False,ML Test · Phone-safe
air_stairway_1_1_3_30_mls.wav,2000.0,4000.0,,2k–4k,0.9563549695533172,0.9952951265546487,REG,OK,False,ML Test · Phone-safe
air_stairway_1_1_3_30_mls.wav,4000.0,8000.0,,4k–8k,0.881317829193122,0.9977761311071343,REG,OK,False,ML Test · Phone-safe
air_stairway_1_1_3_45_mls.wav,125.0,250.0,,125–250,1.1539469279008538,0.9833778227941734,REG,OK,False,ML Test · Phone-safe
air_stairway_1_1_3_45_mls.wav,250.0,500.0,,250–500,1.2928510416666668,0.9788048617810678,REG,OK,True,ML Test · Phone-safe
air_stairway_1_1_3_45_mls.wav,500.0,2000.0,,500–2k,1.2033507126983871,0.9821112970906787,REG,OK,False,ML Test · Phone-safe
air_stairway_1_1_3_45_mls.wav,2000.0,4000.0,,2k–4k,1.0384513030522808,0.9972039018885555,REG,OK,False,ML Test · Phone-safe
air_stairway_1_1_3_45_mls.wav,4000.0,8000.0,,4k–8k,0.8822670707820843,0.9987141653391867,REG,OK,False,ML Test · Phone-safe
air_stairway_1_1_3_60_mls.wav,125.0,250.0,,125–250,1.2927916666666666,0.9804430411774213,REG,OK,True,ML Test · Phone-safe
air_stairway_1_1_3_60_mls.wav,250.0,500.0,,250–500,1.2927322916666666,0.9804108950126231,REG,OK,True,ML Test · Phone-safe
air_stairway_1_1_3_60_mls.wav,500.0,2000.0,,500–2k,1.2127794963661354,0.9829562748359991,REG,OK,False,ML Test · Phone-safe
air_stairway_1_1_3_60_mls.wav,2000.0,4000.0,,2k–4k,1.0353469787302696,0.9957997212424848,REG,OK,False,ML Test · Phone-safe
air_stairway_1_1_3_60_mls.wav,4000.0,8000.0,,4k–8k,0.890329514460435,0.9986955601205056,REG,OK,False,ML Test · Phone-safe
air_stairway_1_1_3_75_mls.wav,125.0,250.0,,125–250,1.2050153637977976,0.9837184297818053,REG,OK,False,ML Test · Phone-safe
air_stairway_1_1_3_75_mls.wav,250.0,500.0,,250–500,1.2926927083333333,0.982577440212454,REG,OK,True,ML Test · Phone-safe
air_stairway_1_1_3_75_mls.wav,500.0,2000.0,,500–2k,1.2489279309658818,0.9842045880489018,REG,OK,False,ML Test · Phone-safe
air_stairway_1_1_3_75_mls.wav,2000.0,4000.0,,2k–4k,1.1047978334310309,0.9958507330349319,REG,OK,False,ML Test · Phone-safe
air_stairway_1_1_3_75_mls.wav,4000.0,8000.0,,4k–8k,0.9108841330991435,0.9979098035547029,REG,OK,False,ML Test · Phone-safe
air_stairway_1_1_3_90_mls.wav,125.0,250.0,,125–250,1.186221169260565,0.9806983915111182,REG,OK,False,ML Test · Phone-safe
air_stairway_1_1_3_90_mls.wav,250.0,500.0,,250–500,1.2647650183216717,0.9820805109524239,REG,OK,False,ML Test · Phone-safe
air_stairway_1_1_3_90_mls.wav,500.0,2000.0,,500–2k,1.2462280183163537,0.9831259267916865,REG,OK,False,ML Test · Phone-safe
air_stairway_1_1_3_90_mls.wav,2000.0,4000.0,,2k–4k,1.0345819520104178,0.994946241951534,REG,OK,False,ML Test · Phone-safe
air_stairway_1_1_3_90_mls.wav,4000.0,8000.0,,4k–8k,0.876767694690731,0.9988714577519011,REG,OK,False,ML Test · Phone-safe
